Case No,Created on,Resolved on,Status,Work Order Status,Priority,Site,Location,Event Category,Event type,Created by,is false alarm,Meet SLA Completion,SLA Response Time
"TPQ-2026-00001","2026/07/04 03:31:10","2026/07/04 07:39:10","Closed","Work Completed","CAT 1","Retail Podium","Fl 2 Food Court","IoT Environmental","Server Room Humidity Anomaly","Veolia Water Mgmt","No","Failed","Passed"
"TPQ-2026-00002","2026/05/01 19:34:23","2026/05/01 20:55:23","Closed","Work Completed","CAT 1","Basement Parking","Fl 10 Tech Center","Water & Plumbing","Water Leakage Sensor Triggered","ConnectX Integration","No","Passed","Passed"
"TPQ-2026-00003","2026/02/02 07:34:49","","Open","Pending Dispatch","CAT 1","Central Plant Room","Main Lobby","Water & Plumbing","Domestic Water Booster Pump Trip","IOT Service Bot","No","","Passed"
"TPQ-2026-00004","2026/02/07 18:17:38","2026/02/07 23:23:38","Closed","Work Completed","CAT 2","Basement Parking","Fl 8 Restroom Zone","Water & Plumbing","Water Leakage Sensor Triggered","JLL Engineering","No","Failed","Passed"
"TPQ-2026-00005","2026/03/02 17:04:27","2026/03/03 05:24:27","Closed","Work Completed","CAT 1","Retail Podium","Fl 8 Restroom Zone","Water & Plumbing","Grease Trap High Level Warning","IOT Service Bot","Yes","Failed","Passed"
"TPQ-2026-00006","2026/09/27 11:22:36","2026/09/27 13:53:36","Closed","Work Completed","CAT 2","The PARQ - East Wing","Rooftop Chiller Plant","Water & Plumbing","Sump Pump High Water Level","Veolia Water Mgmt","No","Passed","Passed"
"TPQ-2026-00007","2026/01/25 22:19:42","","Open","Pending Dispatch","CAT 1","Retail Podium","B1 Parking Bay 14","Water & Plumbing","Water Leakage Sensor Triggered","Veolia Water Mgmt","No","","Passed"
"TPQ-2026-00008","2026/09/22 16:42:17","","Open","Pending Dispatch","CAT 3","Basement Parking","Fl 4 Office Hub","Fire Alarm System","FAS Loop Supervisory Fault","IOT Service Bot","Yes","","Passed"
"TPQ-2026-00009","2026/02/17 10:05:59","","Open","Pending Dispatch","CAT 3","The PARQ - West Wing","B1 Parking Bay 14","Water & Plumbing","Water Leakage Sensor Triggered","Veolia Water Mgmt","No","","Passed"
"TPQ-2026-00010","2026/03/26 20:16:32","2026/03/27 03:44:32","Closed","Work Completed","CAT 1","The PARQ - East Wing","B1 Parking Bay 14","Fire Alarm System","Manual Call Point Triggered","Senses Automation","Yes","Failed","Passed"
"TPQ-2026-00011","2026/08/06 07:33:33","2026/08/06 15:16:33","Closed","Work Completed","CAT 2","Retail Podium","Rooftop Chiller Plant","Security & Access","CCTV Virtual Line-crossing","Forward Security","No","Failed","Passed"
"TPQ-2026-00012","2026/08/04 02:00:10","2026/08/04 09:43:10","Closed","Work Completed","CAT 1","Retail Podium","Fl 8 Restroom Zone","Electrical & Power","Lighting Automation Relay Trip","IOT Service Bot","No","Failed","Passed"
"TPQ-2026-00013","2026/05/18 22:49:44","2026/05/19 00:29:44","Closed","Work Completed","CAT 3","Retail Podium","Fl 10 Tech Center","IoT Environmental","Restroom Odor Level Exceeded","Senses Automation","No","Passed","Passed"
"TPQ-2026-00014","2026/06/03 10:48:52","2026/06/03 15:34:52","Closed","Work Completed","CAT 3","Central Plant Room","Rooftop Chiller Plant","Security & Access","Unauthorized Perimeter Loitering","Forward Security","No","Failed","Passed"
"TPQ-2026-00015","2026/07/04 19:20:31","2026/07/04 19:56:31","Closed","Work Completed","CAT 1","Retail Podium","Fl 10 Tech Center","Security & Access","CCTV Virtual Line-crossing","ConnectX Integration","Yes","Passed","Passed"
"TPQ-2026-00016","2026/02/09 06:52:28","2026/02/09 09:29:28","Closed","Work Completed","CAT 2","Basement Parking","Main Lobby","BMS & HVAC","Chilled Water Differential Pressure Alert","Forward Security","No","Passed","Failed"
"TPQ-2026-00017","2026/06/11 22:04:28","2026/06/13 16:43:28","Closed","Work Completed","CAT 1","Central Plant Room","Loading Dock Zone B","Electrical & Power","Main Switchboard Voltage Fluctuation","Forward Security","No","Failed","Passed"
"TPQ-2026-00018","2026/06/28 07:56:45","2026/06/28 10:48:45","Closed","Work Completed","CAT 2","Basement Parking","Fl 4 Office Hub","Water & Plumbing","Sump Pump High Water Level","Veolia Water Mgmt","No","Passed","Passed"
"TPQ-2026-00019","2026/06/10 15:05:08","2026/06/10 16:29:08","Closed","Work Completed","CAT 2","Central Plant Room","B1 Parking Bay 14","Electrical & Power","Main Switchboard Voltage Fluctuation","JLL Engineering","Yes","Passed","Passed"
"TPQ-2026-00020","2026/09/06 15:11:38","2026/09/06 21:32:38","Closed","Work Completed","CAT 2","The PARQ - West Wing","Fl 8 Restroom Zone","Fire Alarm System","FAS Loop Supervisory Fault","IOT Service Bot","No","Failed","Passed"
"TPQ-2026-00021","2026/04/19 23:41:13","2026/04/20 03:24:13","Closed","Work Completed","CAT 2","Central Plant Room","Main Lobby","IoT Environmental","Server Room Humidity Anomaly","Senses Automation","No","Passed","Passed"
"TPQ-2026-00022","2026/01/12 10:09:33","2026/01/12 13:34:33","Closed","Work Completed","CAT 2","Central Plant Room","Rooftop Chiller Plant","BMS & HVAC","Air Handling Unit (AHU) High Temp","Senses Automation","No","Passed","Passed"
"TPQ-2026-00023","2026/05/26 22:30:12","2026/05/26 23:11:12","Closed","Work Completed","CAT 2","Basement Parking","Main Lobby","Electrical & Power","Power Quality Harmonic Warning","Forward Security","No","Passed","Passed"
"TPQ-2026-00024","2026/09/16 03:22:08","2026/09/16 10:01:08","Closed","Work Completed","CAT 1","The PARQ - East Wing","Main Lobby","BMS & HVAC","Air Handling Unit (AHU) High Temp","JLL Engineering","No","Failed","Passed"
"TPQ-2026-00025","2026/02/23 06:32:03","2026/02/23 13:45:03","Closed","Work Completed","CAT 2","The PARQ - East Wing","Fl 8 Restroom Zone","Water & Plumbing","Domestic Water Booster Pump Trip","Veolia Water Mgmt","No","Failed","Passed"
"TPQ-2026-00026","2026/04/25 19:50:56","2026/04/26 01:35:56","Closed","Work Completed","CAT 3","The PARQ - East Wing","Fl 10 Tech Center","Security & Access","Access Control Reader Tamper","Forward Security","No","Failed","Passed"
"TPQ-2026-00027","2026/04/26 04:16:49","2026/04/26 11:05:49","Closed","Work Completed","CAT 3","Central Plant Room","Loading Dock Zone B","BMS & HVAC","Exhaust Fan Variable Speed Drive Alarm","JLL Engineering","No","Failed","Passed"
"TPQ-2026-00028","2026/02/25 12:58:01","","Open","Pending Dispatch","CAT 3","The PARQ - West Wing","Fl 2 Food Court","Fire Alarm System","Manual Call Point Triggered","Senses Automation","No","","Passed"
"TPQ-2026-00029","2026/06/28 17:16:59","2026/06/29 00:20:59","Closed","Work Completed","CAT 3","Retail Podium","Fl 4 Office Hub","BMS & HVAC","Exhaust Fan Variable Speed Drive Alarm","Senses Automation","No","Failed","Passed"
"TPQ-2026-00030","2026/04/24 20:03:49","2026/04/25 01:05:49","Closed","Work Completed","CAT 3","Basement Parking","Loading Dock Zone B","BMS & HVAC","VAV Box Temperature Deviation","Senses Automation","No","Failed","Passed"
"TPQ-2026-00031","2026/05/19 06:22:08","2026/05/19 07:46:08","Closed","Work Completed","CAT 2","Retail Podium","Fl 8 Restroom Zone","Water & Plumbing","Water Leakage Sensor Triggered","IOT Service Bot","No","Passed","Passed"
"TPQ-2026-00032","2026/08/27 08:17:16","2026/08/27 13:11:16","Closed","Work Completed","CAT 2","The PARQ - East Wing","Fl 2 Food Court","BMS & HVAC","Exhaust Fan Variable Speed Drive Alarm","Forward Security","No","Failed","Passed"
"TPQ-2026-00033","2026/08/04 11:12:40","2026/08/04 19:05:40","Closed","Work Completed","CAT 2","The PARQ - West Wing","Main Lobby","Electrical & Power","UPS Battery Temperature Alert","IOT Service Bot","No","Failed","Passed"
"TPQ-2026-00034","2026/05/15 07:39:16","2026/05/15 13:31:16","Closed","Work Completed","CAT 1","The PARQ - East Wing","Fl 4 Office Hub","IoT Environmental","Restroom Odor Level Exceeded","Senses Automation","Yes","Failed","Passed"
"TPQ-2026-00035","2026/04/02 20:02:09","2026/04/03 03:00:09","Closed","Work Completed","CAT 2","Central Plant Room","Fl 10 Tech Center","Fire Alarm System","Manual Call Point Triggered","JLL Engineering","No","Failed","Passed"
"TPQ-2026-00036","2026/03/04 06:04:09","2026/03/04 11:54:09","Closed","Work Completed","CAT 1","Basement Parking","Main Lobby","IoT Environmental","Indoor Air Quality CO2 Surge","IOT Service Bot","No","Failed","Passed"
"TPQ-2026-00037","2026/05/15 00:56:17","2026/05/15 05:54:17","Closed","Work Completed","CAT 3","Central Plant Room","Fl 10 Tech Center","Fire Alarm System","FAS Device Disabled - Maintenance","IOT Service Bot","Yes","Failed","Passed"
"TPQ-2026-00038","2026/01/07 22:36:05","2026/01/08 02:37:05","Closed","Work Completed","CAT 2","The PARQ - East Wing","Loading Dock Zone B","Security & Access","Unauthorized Perimeter Loitering","Senses Automation","No","Failed","Passed"
"TPQ-2026-00039","2026/05/06 09:21:02","2026/05/06 13:02:02","Closed","Work Completed","CAT 1","Basement Parking","Fl 4 Office Hub","IoT Environmental","Server Room Humidity Anomaly","IOT Service Bot","Yes","Passed","Passed"
"TPQ-2026-00040","2026/03/01 11:29:58","","Open","Pending Dispatch","CAT 1","Basement Parking","Fl 8 Restroom Zone","Electrical & Power","Main Switchboard Voltage Fluctuation","Forward Security","No","","Passed"
"TPQ-2026-00041","2026/07/09 19:45:24","2026/07/10 01:38:24","Closed","Work Completed","CAT 1","The PARQ - East Wing","Fl 10 Tech Center","Water & Plumbing","Grease Trap High Level Warning","ConnectX Integration","No","Failed","Passed"
"TPQ-2026-00042","2026/09/05 08:28:27","2026/09/05 10:12:27","Closed","Work Completed","CAT 3","The PARQ - East Wing","Fl 8 Restroom Zone","Security & Access","Access Control Reader Tamper","Forward Security","Yes","Passed","Passed"
"TPQ-2026-00043","2026/06/27 12:22:37","2026/06/27 18:30:37","Closed","Work Completed","CAT 2","Central Plant Room","Rooftop Chiller Plant","IoT Environmental","Server Room Humidity Anomaly","JLL Engineering","Yes","Failed","Passed"
"TPQ-2026-00044","2026/04/03 02:54:48","2026/04/03 06:24:48","Closed","Work Completed","CAT 1","Central Plant Room","Main Lobby","Electrical & Power","Power Quality Harmonic Warning","Veolia Water Mgmt","No","Passed","Passed"
"TPQ-2026-00045","2026/09/19 22:46:03","2026/09/19 23:49:03","Closed","Work Completed","CAT 1","Basement Parking","Fl 8 Restroom Zone","Security & Access","CCTV Virtual Line-crossing","IOT Service Bot","Yes","Passed","Passed"
"TPQ-2026-00046","2026/04/19 07:05:00","2026/04/19 14:30:00","Closed","Work Completed","CAT 3","Basement Parking","Loading Dock Zone B","Security & Access","Access Control Reader Tamper","ConnectX Integration","Yes","Failed","Passed"
"TPQ-2026-00047","2026/02/24 00:05:25","2026/02/24 07:05:25","Closed","Work Completed","CAT 2","Basement Parking","Loading Dock Zone B","Security & Access","CCTV Virtual Line-crossing","Senses Automation","No","Failed","Passed"
"TPQ-2026-00048","2026/06/03 00:46:45","2026/06/03 01:49:45","Closed","Work Completed","CAT 3","The PARQ - West Wing","Loading Dock Zone B","Security & Access","Access Control Reader Tamper","Senses Automation","Yes","Passed","Passed"
"TPQ-2026-00049","2026/01/19 05:16:40","2026/01/19 08:12:40","Closed","Work Completed","CAT 1","Basement Parking","Fl 8 Restroom Zone","Water & Plumbing","Domestic Water Booster Pump Trip","Veolia Water Mgmt","No","Passed","Passed"
"TPQ-2026-00050","2026/06/21 05:49:08","2026/06/21 13:34:08","Closed","Work Completed","CAT 1","Retail Podium","Fl 4 Office Hub","Security & Access","Access Control Reader Tamper","Veolia Water Mgmt","No","Failed","Passed"
"TPQ-2026-00051","2026/05/28 06:11:18","","In progress","Technician Dispatched","CAT 1","Retail Podium","Rooftop Chiller Plant","Fire Alarm System","Smoke Detector Activation - Optical","IOT Service Bot","No","","Passed"
"TPQ-2026-00052","2026/05/11 07:50:21","2026/05/11 14:35:21","Closed","Work Completed","CAT 3","The PARQ - West Wing","B1 Parking Bay 14","Water & Plumbing","Water Leakage Sensor Triggered","JLL Engineering","No","Failed","Passed"
"TPQ-2026-00053","2026/01/06 10:15:21","2026/01/06 16:21:21","Closed","Work Completed","CAT 3","The PARQ - East Wing","Fl 4 Office Hub","Water & Plumbing","Domestic Water Booster Pump Trip","IOT Service Bot","No","Failed","Passed"
"TPQ-2026-00054","2026/01/28 15:48:39","","In progress","Technician Dispatched","CAT 3","Basement Parking","Rooftop Chiller Plant","Security & Access","CCTV Virtual Line-crossing","Veolia Water Mgmt","Yes","","Passed"
"TPQ-2026-00055","2026/04/24 16:03:51","2026/04/24 23:16:51","Closed","Work Completed","CAT 1","Retail Podium","B1 Parking Bay 14","Water & Plumbing","Grease Trap High Level Warning","Veolia Water Mgmt","No","Failed","Passed"
"TPQ-2026-00056","2026/08/16 19:08:51","2026/08/16 23:54:51","Closed","Work Completed","CAT 3","The PARQ - East Wing","Rooftop Chiller Plant","BMS & HVAC","Exhaust Fan Variable Speed Drive Alarm","JLL Engineering","No","Failed","Passed"
"TPQ-2026-00057","2026/06/01 09:35:04","","In progress","Technician Dispatched","CAT 1","Basement Parking","B1 Parking Bay 14","BMS & HVAC","Exhaust Fan Variable Speed Drive Alarm","IOT Service Bot","No","","Failed"
"TPQ-2026-00058","2026/04/23 07:05:33","2026/04/23 13:26:33","Closed","Work Completed","CAT 2","Retail Podium","Fl 4 Office Hub","Security & Access","Door Forced Open Alarm","JLL Engineering","No","Failed","Failed"
"TPQ-2026-00059","2026/02/06 14:08:53","2026/02/06 17:19:53","Closed","Work Completed","CAT 1","The PARQ - West Wing","B1 Parking Bay 14","Security & Access","CCTV Virtual Line-crossing","Forward Security","Yes","Passed","Passed"
"TPQ-2026-00060","2026/05/24 11:03:17","2026/05/24 14:36:17","Closed","Work Completed","CAT 2","Basement Parking","B1 Parking Bay 14","Water & Plumbing","Grease Trap High Level Warning","IOT Service Bot","No","Passed","Passed"
"TPQ-2026-00061","2026/03/16 03:52:55","2026/03/16 10:10:55","Closed","Work Completed","CAT 3","Retail Podium","Fl 10 Tech Center","Security & Access","Door Forced Open Alarm","Forward Security","Yes","Failed","Passed"
"TPQ-2026-00062","2026/05/04 03:57:48","2026/05/04 07:59:48","Closed","Work Completed","CAT 3","The PARQ - East Wing","Fl 2 Food Court","Electrical & Power","Lighting Automation Relay Trip","Forward Security","No","Failed","Failed"
"TPQ-2026-00063","2026/01/16 13:49:53","2026/01/16 17:02:53","Closed","Work Completed","CAT 1","Basement Parking","Rooftop Chiller Plant","Security & Access","Access Control Reader Tamper","Forward Security","No","Passed","Failed"
"TPQ-2026-00064","2026/02/09 00:18:39","","Open","Pending Dispatch","CAT 3","Retail Podium","Loading Dock Zone B","Electrical & Power","Lighting Automation Relay Trip","JLL Engineering","Yes","","Passed"
"TPQ-2026-00065","2026/02/27 04:40:13","2026/02/27 11:31:13","Closed","Work Completed","CAT 2","The PARQ - East Wing","Main Lobby","Security & Access","Door Forced Open Alarm","ConnectX Integration","No","Failed","Passed"
"TPQ-2026-00066","2026/08/25 18:15:10","2026/08/26 00:20:10","Closed","Work Completed","CAT 1","Central Plant Room","Fl 4 Office Hub","Fire Alarm System","Manual Call Point Triggered","Forward Security","No","Failed","Passed"
"TPQ-2026-00067","2026/06/26 01:27:12","2026/06/26 03:28:12","Closed","Work Completed","CAT 2","The PARQ - East Wing","Fl 10 Tech Center","Fire Alarm System","Manual Call Point Triggered","Senses Automation","No","Passed","Passed"
"TPQ-2026-00068","2026/07/15 19:12:13","2026/07/16 00:26:13","Closed","Work Completed","CAT 2","Basement Parking","B1 Parking Bay 14","Fire Alarm System","FAS Loop Supervisory Fault","Senses Automation","No","Failed","Passed"
"TPQ-2026-00069","2026/09/20 20:55:30","2026/09/20 22:45:30","Closed","Work Completed","CAT 2","The PARQ - West Wing","Fl 2 Food Court","Security & Access","Door Forced Open Alarm","ConnectX Integration","No","Passed","Passed"
"TPQ-2026-00070","2026/01/09 03:14:18","2026/01/09 03:49:18","Closed","Work Completed","CAT 1","Central Plant Room","Fl 4 Office Hub","IoT Environmental","Server Room Humidity Anomaly","IOT Service Bot","No","Passed","Passed"
"TPQ-2026-00071","2026/08/22 19:33:37","2026/08/22 21:21:37","Closed","Work Completed","CAT 1","Central Plant Room","Fl 4 Office Hub","Electrical & Power","Main Switchboard Voltage Fluctuation","ConnectX Integration","No","Passed","Passed"
"TPQ-2026-00072","2026/06/28 04:20:22","","In progress","Technician Dispatched","CAT 3","Basement Parking","Fl 2 Food Court","Water & Plumbing","Sump Pump High Water Level","Forward Security","No","","Passed"
"TPQ-2026-00073","2026/07/02 02:08:27","","Acknowledged","Assigned to Ops","CAT 1","Central Plant Room","Fl 2 Food Court","Water & Plumbing","Water Leakage Sensor Triggered","Forward Security","No","","Passed"
"TPQ-2026-00074","2026/08/06 23:46:19","","In progress","Technician Dispatched","CAT 2","The PARQ - West Wing","Loading Dock Zone B","Water & Plumbing","Water Leakage Sensor Triggered","Veolia Water Mgmt","Yes","","Passed"
"TPQ-2026-00075","2026/03/11 14:21:22","","Acknowledged","Assigned to Ops","CAT 2","Basement Parking","Fl 4 Office Hub","Fire Alarm System","FAS Device Disabled - Maintenance","IOT Service Bot","Yes","","Passed"
"TPQ-2026-00076","2026/09/15 10:17:03","2026/09/15 11:40:03","Closed","Work Completed","CAT 2","Central Plant Room","Fl 2 Food Court","Security & Access","CCTV Virtual Line-crossing","JLL Engineering","No","Passed","Failed"
"TPQ-2026-00077","2026/07/06 05:43:48","2026/07/06 09:10:48","Closed","Work Completed","CAT 2","Central Plant Room","B1 Parking Bay 14","Fire Alarm System","Smoke Detector Activation - Optical","Veolia Water Mgmt","No","Passed","Passed"
"TPQ-2026-00078","2026/08/22 17:58:42","2026/08/23 01:14:42","Closed","Work Completed","CAT 2","The PARQ - West Wing","Fl 2 Food Court","Water & Plumbing","Domestic Water Booster Pump Trip","ConnectX Integration","No","Failed","Failed"
"TPQ-2026-00079","2026/01/12 18:48:44","2026/01/12 20:49:44","Closed","Work Completed","CAT 1","Retail Podium","Fl 2 Food Court","Fire Alarm System","Smoke Detector Activation - Optical","ConnectX Integration","No","Passed","Passed"
"TPQ-2026-00080","2026/01/06 23:23:43","2026/01/07 00:20:43","Closed","Work Completed","CAT 2","Basement Parking","Rooftop Chiller Plant","Electrical & Power","UPS Battery Temperature Alert","Forward Security","No","Passed","Failed"
"TPQ-2026-00081","2026/07/05 22:59:03","2026/07/05 23:50:03","Closed","Work Completed","CAT 3","The PARQ - East Wing","Rooftop Chiller Plant","IoT Environmental","Server Room Humidity Anomaly","Senses Automation","No","Passed","Passed"
"TPQ-2026-00082","2026/02/03 03:41:45","2026/02/03 04:24:45","Closed","Work Completed","CAT 1","The PARQ - East Wing","Fl 2 Food Court","Fire Alarm System","Manual Call Point Triggered","JLL Engineering","No","Passed","Passed"
"TPQ-2026-00083","2026/06/14 15:05:12","2026/06/14 16:25:12","Closed","Work Completed","CAT 3","Central Plant Room","Main Lobby","BMS & HVAC","Chilled Water Differential Pressure Alert","Veolia Water Mgmt","No","Passed","Passed"
"TPQ-2026-00084","2026/08/17 00:00:00","2026/08/17 07:32:00","Closed","Work Completed","CAT 3","The PARQ - East Wing","Fl 8 Restroom Zone","IoT Environmental","Car Park Carbon Monoxide Spike","Forward Security","No","Failed","Passed"
"TPQ-2026-00085","2026/09/25 13:35:41","2026/09/25 18:19:41","Closed","Work Completed","CAT 3","Basement Parking","Fl 10 Tech Center","Water & Plumbing","Grease Trap High Level Warning","Senses Automation","Yes","Failed","Passed"
"TPQ-2026-00086","2026/06/05 00:28:05","2026/06/05 05:27:05","Closed","Work Completed","CAT 2","The PARQ - West Wing","Main Lobby","BMS & HVAC","VAV Box Temperature Deviation","IOT Service Bot","Yes","Failed","Passed"
"TPQ-2026-00087","2026/07/21 13:16:31","2026/07/21 15:32:31","Closed","Work Completed","CAT 1","Basement Parking","Fl 10 Tech Center","Electrical & Power","Main Switchboard Voltage Fluctuation","Senses Automation","No","Passed","Passed"
"TPQ-2026-00088","2026/09/19 08:47:38","2026/09/19 12:42:38","Closed","Work Completed","CAT 3","Retail Podium","Loading Dock Zone B","Fire Alarm System","FAS Device Disabled - Maintenance","Senses Automation","Yes","Passed","Passed"
"TPQ-2026-00089","2026/04/28 06:51:34","2026/04/28 08:13:34","Closed","Work Completed","CAT 3","Basement Parking","Main Lobby","Fire Alarm System","Manual Call Point Triggered","Senses Automation","No","Passed","Passed"
"TPQ-2026-00090","2026/09/03 08:58:58","2026/09/03 09:48:58","Closed","Work Completed","CAT 2","The PARQ - East Wing","Fl 8 Restroom Zone","Water & Plumbing","Sump Pump High Water Level","JLL Engineering","No","Passed","Passed"
"TPQ-2026-00091","2026/01/21 05:16:33","2026/01/21 13:01:33","Closed","Work Completed","CAT 1","The PARQ - West Wing","Fl 4 Office Hub","Security & Access","Unauthorized Perimeter Loitering","Veolia Water Mgmt","No","Failed","Passed"
"TPQ-2026-00092","2026/02/28 06:23:04","2026/02/28 08:35:04","Closed","Work Completed","CAT 1","The PARQ - West Wing","Fl 8 Restroom Zone","IoT Environmental","Restroom Odor Level Exceeded","Senses Automation","Yes","Passed","Passed"
"TPQ-2026-00093","2026/09/09 18:25:02","2026/09/09 18:38:02","Closed","Work Completed","CAT 3","The PARQ - East Wing","Fl 2 Food Court","Security & Access","Door Forced Open Alarm","JLL Engineering","No","Passed","Passed"
"TPQ-2026-00094","2026/06/21 04:06:00","2026/06/21 07:44:00","Closed","Work Completed","CAT 3","Central Plant Room","Fl 2 Food Court","Electrical & Power","Main Switchboard Voltage Fluctuation","Forward Security","No","Passed","Passed"
"TPQ-2026-00095","2026/02/20 11:39:31","","Open","Pending Dispatch","CAT 1","The PARQ - West Wing","Fl 8 Restroom Zone","Electrical & Power","Lighting Automation Relay Trip","JLL Engineering","No","","Passed"
"TPQ-2026-00096","2026/06/04 00:56:30","2026/06/04 02:15:30","Closed","Work Completed","CAT 3","Retail Podium","Loading Dock Zone B","Water & Plumbing","Sump Pump High Water Level","JLL Engineering","No","Passed","Passed"
"TPQ-2026-00097","2026/09/27 04:00:18","2026/09/27 11:23:18","Closed","Work Completed","CAT 3","Basement Parking","Main Lobby","BMS & HVAC","Chilled Water Differential Pressure Alert","Senses Automation","No","Failed","Passed"
"TPQ-2026-00098","2026/09/16 00:12:25","2026/09/16 04:58:25","Closed","Work Completed","CAT 2","Basement Parking","Fl 10 Tech Center","BMS & HVAC","Exhaust Fan Variable Speed Drive Alarm","Senses Automation","No","Failed","Passed"
"TPQ-2026-00099","2026/06/10 05:08:07","2026/06/10 07:11:07","Closed","Work Completed","CAT 1","The PARQ - East Wing","Main Lobby","IoT Environmental","Indoor Air Quality CO2 Surge","Senses Automation","No","Passed","Passed"
"TPQ-2026-00100","2026/08/11 05:35:04","","Open","Pending Dispatch","CAT 1","Retail Podium","B1 Parking Bay 14","Security & Access","Door Forced Open Alarm","IOT Service Bot","No","","Passed"
"TPQ-2026-00101","2026/08/21 15:52:35","2026/08/22 10:50:35","Closed","Work Completed","CAT 3","Retail Podium","Main Lobby","Fire Alarm System","FAS Device Disabled - Maintenance","ConnectX Integration","No","Failed","Passed"
"TPQ-2026-00102","2026/08/08 19:13:35","2026/08/08 19:46:35","Closed","Work Completed","CAT 3","Central Plant Room","Loading Dock Zone B","Electrical & Power","UPS Battery Temperature Alert","ConnectX Integration","No","Passed","Passed"
"TPQ-2026-00103","2026/01/14 14:36:03","2026/01/14 17:12:03","Closed","Work Completed","CAT 1","Basement Parking","Loading Dock Zone B","Electrical & Power","Lighting Automation Relay Trip","ConnectX Integration","Yes","Passed","Passed"
"TPQ-2026-00104","2026/01/11 05:43:57","2026/01/11 08:15:57","Closed","Work Completed","CAT 2","Central Plant Room","Rooftop Chiller Plant","Electrical & Power","UPS Battery Temperature Alert","JLL Engineering","No","Passed","Passed"
"TPQ-2026-00105","2026/07/16 01:32:39","","Acknowledged","Assigned to Ops","CAT 1","Central Plant Room","Fl 8 Restroom Zone","Security & Access","Unauthorized Perimeter Loitering","JLL Engineering","No","","Failed"
"TPQ-2026-00106","2026/08/04 16:33:41","","Open","Pending Dispatch","CAT 3","Central Plant Room","Fl 2 Food Court","Security & Access","Door Forced Open Alarm","Senses Automation","No","","Passed"
"TPQ-2026-00107","2026/04/03 20:29:25","2026/04/03 21:36:25","Closed","Work Completed","CAT 2","Central Plant Room","Rooftop Chiller Plant","Security & Access","CCTV Virtual Line-crossing","Senses Automation","Yes","Passed","Passed"
"TPQ-2026-00108","2026/01/16 12:46:44","2026/01/16 15:18:44","Closed","Work Completed","CAT 2","Central Plant Room","Fl 10 Tech Center","Fire Alarm System","Smoke Detector Activation - Optical","IOT Service Bot","No","Passed","Passed"
"TPQ-2026-00109","2026/06/24 16:14:13","2026/06/24 17:25:13","Closed","Work Completed","CAT 1","Basement Parking","Fl 10 Tech Center","IoT Environmental","Server Room Humidity Anomaly","JLL Engineering","Yes","Passed","Passed"
"TPQ-2026-00110","2026/05/03 14:35:29","","Open","Pending Dispatch","CAT 3","Basement Parking","Fl 10 Tech Center","Fire Alarm System","FAS Device Disabled - Maintenance","Forward Security","No","","Passed"
"TPQ-2026-00111","2026/05/16 18:43:17","","In progress","Technician Dispatched","CAT 3","Central Plant Room","Fl 10 Tech Center","Water & Plumbing","Sump Pump High Water Level","JLL Engineering","No","","Passed"
"TPQ-2026-00112","2026/08/12 01:25:23","2026/08/12 05:11:23","Closed","Work Completed","CAT 3","The PARQ - East Wing","B1 Parking Bay 14","IoT Environmental","Restroom Odor Level Exceeded","JLL Engineering","Yes","Passed","Passed"
"TPQ-2026-00113","2026/05/17 11:43:45","2026/05/17 16:24:45","Closed","Work Completed","CAT 1","Central Plant Room","Loading Dock Zone B","BMS & HVAC","Exhaust Fan Variable Speed Drive Alarm","JLL Engineering","No","Failed","Passed"
"TPQ-2026-00114","2026/04/23 01:16:00","2026/04/23 05:20:00","Closed","Work Completed","CAT 2","Retail Podium","Fl 2 Food Court","Security & Access","Unauthorized Perimeter Loitering","IOT Service Bot","No","Failed","Passed"
"TPQ-2026-00115","2026/02/16 05:24:07","2026/02/16 06:00:07","Closed","Work Completed","CAT 2","Retail Podium","Main Lobby","Security & Access","CCTV Virtual Line-crossing","JLL Engineering","Yes","Passed","Passed"
"TPQ-2026-00116","2026/06/10 11:38:18","2026/06/10 18:28:18","Closed","Work Completed","CAT 2","Basement Parking","Fl 10 Tech Center","BMS & HVAC","Chilled Water Differential Pressure Alert","Forward Security","No","Failed","Passed"
"TPQ-2026-00117","2026/03/17 15:01:29","2026/03/17 17:50:29","Closed","Work Completed","CAT 2","Basement Parking","Fl 8 Restroom Zone","Water & Plumbing","Sump Pump High Water Level","ConnectX Integration","No","Passed","Passed"
"TPQ-2026-00118","2026/08/26 00:08:48","","Open","Pending Dispatch","CAT 2","Central Plant Room","Fl 4 Office Hub","IoT Environmental","Restroom Odor Level Exceeded","IOT Service Bot","Yes","","Passed"
"TPQ-2026-00119","2026/07/17 18:59:28","","Acknowledged","Assigned to Ops","CAT 3","The PARQ - East Wing","Rooftop Chiller Plant","Electrical & Power","Lighting Automation Relay Trip","JLL Engineering","No","","Passed"
"TPQ-2026-00120","2026/04/10 13:55:26","2026/04/11 19:44:26","Closed","Work Completed","CAT 1","The PARQ - West Wing","Loading Dock Zone B","Electrical & Power","UPS Battery Temperature Alert","Forward Security","No","Failed","Passed"
"TPQ-2026-00121","2026/07/26 20:20:34","","Open","Pending Dispatch","CAT 2","Basement Parking","B1 Parking Bay 14","Fire Alarm System","FAS Loop Supervisory Fault","Forward Security","No","","Passed"
"TPQ-2026-00122","2026/09/16 00:13:33","","Open","Pending Dispatch","CAT 3","Basement Parking","Main Lobby","IoT Environmental","Restroom Odor Level Exceeded","Senses Automation","Yes","","Passed"
"TPQ-2026-00123","2026/01/27 20:08:18","2026/01/27 20:57:18","Closed","Work Completed","CAT 2","The PARQ - East Wing","Fl 10 Tech Center","Electrical & Power","Power Quality Harmonic Warning","Veolia Water Mgmt","No","Passed","Passed"
"TPQ-2026-00124","2026/08/21 18:52:21","2026/08/21 20:02:21","Closed","Work Completed","CAT 1","Basement Parking","Rooftop Chiller Plant","Electrical & Power","Main Switchboard Voltage Fluctuation","Senses Automation","No","Passed","Passed"
"TPQ-2026-00125","2026/07/22 19:33:13","2026/07/23 18:24:13","Closed","Work Completed","CAT 1","Basement Parking","Fl 4 Office Hub","Electrical & Power","Power Quality Harmonic Warning","IOT Service Bot","Yes","Failed","Passed"
"TPQ-2026-00126","2026/09/01 06:26:08","2026/09/01 12:25:08","Closed","Work Completed","CAT 1","Basement Parking","B1 Parking Bay 14","IoT Environmental","Indoor Air Quality CO2 Surge","Veolia Water Mgmt","No","Failed","Passed"
"TPQ-2026-00127","2026/09/11 07:16:57","2026/09/11 14:20:57","Closed","Work Completed","CAT 3","Central Plant Room","Fl 4 Office Hub","Water & Plumbing","Grease Trap High Level Warning","Forward Security","No","Failed","Passed"
"TPQ-2026-00128","2026/06/04 03:40:12","2026/06/04 23:53:12","Closed","Work Completed","CAT 3","Retail Podium","Fl 10 Tech Center","IoT Environmental","Server Room Humidity Anomaly","Forward Security","Yes","Failed","Passed"
"TPQ-2026-00129","2026/02/01 15:02:20","2026/02/01 17:05:20","Closed","Work Completed","CAT 1","The PARQ - East Wing","Rooftop Chiller Plant","Water & Plumbing","Grease Trap High Level Warning","IOT Service Bot","No","Passed","Passed"
"TPQ-2026-00130","2026/01/03 15:53:27","","Acknowledged","Assigned to Ops","CAT 1","Basement Parking","Fl 10 Tech Center","Water & Plumbing","Domestic Water Booster Pump Trip","ConnectX Integration","Yes","","Failed"
"TPQ-2026-00131","2026/06/18 18:45:40","2026/06/19 02:12:40","Closed","Work Completed","CAT 2","The PARQ - West Wing","Loading Dock Zone B","Security & Access","Unauthorized Perimeter Loitering","Senses Automation","No","Failed","Passed"
"TPQ-2026-00132","2026/02/12 20:49:56","2026/02/13 03:22:56","Closed","Work Completed","CAT 3","Retail Podium","Fl 4 Office Hub","Fire Alarm System","Smoke Detector Activation - Optical","IOT Service Bot","No","Failed","Passed"
"TPQ-2026-00133","2026/05/10 17:37:28","2026/05/11 00:31:28","Closed","Work Completed","CAT 2","Retail Podium","Fl 2 Food Court","Water & Plumbing","Grease Trap High Level Warning","Forward Security","No","Failed","Passed"
"TPQ-2026-00134","2026/05/01 21:41:54","2026/05/02 04:44:54","Closed","Work Completed","CAT 3","Central Plant Room","Fl 2 Food Court","Water & Plumbing","Water Leakage Sensor Triggered","Senses Automation","No","Failed","Passed"
"TPQ-2026-00135","2026/04/09 05:35:38","","Acknowledged","Assigned to Ops","CAT 2","The PARQ - East Wing","Fl 8 Restroom Zone","Fire Alarm System","FAS Device Disabled - Maintenance","Senses Automation","No","","Passed"
"TPQ-2026-00136","2026/07/22 11:42:48","2026/07/22 14:13:48","Closed","Work Completed","CAT 3","The PARQ - West Wing","Rooftop Chiller Plant","IoT Environmental","Indoor Air Quality CO2 Surge","Senses Automation","No","Passed","Passed"
"TPQ-2026-00137","2026/05/13 18:13:33","2026/05/13 23:11:33","Closed","Work Completed","CAT 3","Basement Parking","Loading Dock Zone B","Water & Plumbing","Water Leakage Sensor Triggered","Forward Security","No","Failed","Passed"
"TPQ-2026-00138","2026/04/13 01:28:23","2026/04/13 08:17:23","Closed","Work Completed","CAT 3","Basement Parking","B1 Parking Bay 14","Electrical & Power","Lighting Automation Relay Trip","Forward Security","No","Failed","Passed"
"TPQ-2026-00139","2026/08/18 02:37:12","2026/08/18 06:02:12","Closed","Work Completed","CAT 3","Retail Podium","Main Lobby","Fire Alarm System","FAS Device Disabled - Maintenance","Veolia Water Mgmt","No","Passed","Passed"
"TPQ-2026-00140","2026/03/25 00:50:14","2026/03/25 03:33:14","Closed","Work Completed","CAT 3","Retail Podium","Fl 10 Tech Center","Water & Plumbing","Sump Pump High Water Level","JLL Engineering","No","Passed","Passed"
"TPQ-2026-00141","2026/03/26 07:59:20","2026/03/26 09:15:20","Closed","Work Completed","CAT 3","Central Plant Room","B1 Parking Bay 14","BMS & HVAC","Exhaust Fan Variable Speed Drive Alarm","IOT Service Bot","No","Passed","Passed"
"TPQ-2026-00142","2026/02/24 02:59:10","","In progress","Technician Dispatched","CAT 3","Basement Parking","B1 Parking Bay 14","Electrical & Power","Lighting Automation Relay Trip","ConnectX Integration","No","","Passed"
"TPQ-2026-00143","2026/09/23 01:36:29","2026/09/23 07:44:29","Closed","Work Completed","CAT 1","Basement Parking","Fl 10 Tech Center","Fire Alarm System","FAS Loop Supervisory Fault","JLL Engineering","No","Failed","Passed"
"TPQ-2026-00144","2026/01/24 15:31:29","2026/01/24 21:58:29","Closed","Work Completed","CAT 2","Retail Podium","B1 Parking Bay 14","Fire Alarm System","FAS Loop Supervisory Fault","Senses Automation","No","Failed","Passed"
"TPQ-2026-00145","2026/07/07 18:53:04","2026/07/08 02:46:04","Closed","Work Completed","CAT 1","Basement Parking","B1 Parking Bay 14","IoT Environmental","Car Park Carbon Monoxide Spike","Senses Automation","No","Failed","Passed"
"TPQ-2026-00146","2026/07/03 15:15:00","2026/07/03 16:01:00","Closed","Work Completed","CAT 1","The PARQ - West Wing","Fl 10 Tech Center","Electrical & Power","Power Quality Harmonic Warning","ConnectX Integration","No","Passed","Passed"
"TPQ-2026-00147","2026/05/28 18:32:35","2026/05/28 21:13:35","Closed","Work Completed","CAT 1","Central Plant Room","Fl 4 Office Hub","Security & Access","Door Forced Open Alarm","Forward Security","No","Passed","Passed"
"TPQ-2026-00148","2026/04/08 21:42:58","2026/04/09 04:54:58","Closed","Work Completed","CAT 1","Basement Parking","Rooftop Chiller Plant","BMS & HVAC","Air Handling Unit (AHU) High Temp","IOT Service Bot","No","Failed","Passed"
"TPQ-2026-00149","2026/04/03 08:00:33","","Acknowledged","Assigned to Ops","CAT 1","The PARQ - East Wing","Main Lobby","IoT Environmental","Server Room Humidity Anomaly","Veolia Water Mgmt","Yes","","Passed"
"TPQ-2026-00150","2026/08/27 06:46:48","","Open","Pending Dispatch","CAT 3","The PARQ - West Wing","Fl 4 Office Hub","IoT Environmental","Indoor Air Quality CO2 Surge","Veolia Water Mgmt","No","","Passed"
"TPQ-2026-00151","2026/01/14 09:59:53","2026/01/14 10:14:53","Closed","Work Completed","CAT 2","Retail Podium","Rooftop Chiller Plant","IoT Environmental","Server Room Humidity Anomaly","JLL Engineering","No","Passed","Passed"
"TPQ-2026-00152","2026/09/28 08:12:37","2026/09/28 09:59:37","Closed","Work Completed","CAT 3","Basement Parking","Loading Dock Zone B","Fire Alarm System","FAS Loop Supervisory Fault","Senses Automation","No","Passed","Passed"
"TPQ-2026-00153","2026/04/25 17:42:36","2026/04/25 20:02:36","Closed","Work Completed","CAT 3","Central Plant Room","Fl 4 Office Hub","Security & Access","Access Control Reader Tamper","IOT Service Bot","No","Passed","Passed"
"TPQ-2026-00154","2026/09/18 00:04:51","2026/09/18 03:22:51","Closed","Work Completed","CAT 1","Retail Podium","Main Lobby","BMS & HVAC","Air Handling Unit (AHU) High Temp","ConnectX Integration","No","Passed","Passed"
"TPQ-2026-00155","2026/08/28 10:06:31","2026/08/28 16:30:31","Closed","Work Completed","CAT 1","The PARQ - East Wing","Rooftop Chiller Plant","BMS & HVAC","Exhaust Fan Variable Speed Drive Alarm","ConnectX Integration","No","Failed","Passed"
"TPQ-2026-00156","2026/02/24 06:34:32","2026/02/24 12:43:32","Closed","Work Completed","CAT 1","Central Plant Room","Main Lobby","IoT Environmental","Server Room Humidity Anomaly","Senses Automation","No","Failed","Passed"
"TPQ-2026-00157","2026/09/27 20:16:59","2026/09/27 23:16:59","Closed","Work Completed","CAT 3","Retail Podium","Fl 4 Office Hub","Electrical & Power","Main Switchboard Voltage Fluctuation","Forward Security","No","Passed","Passed"
"TPQ-2026-00158","2026/02/16 10:32:09","2026/02/16 14:13:09","Closed","Work Completed","CAT 2","Basement Parking","B1 Parking Bay 14","Security & Access","Door Forced Open Alarm","ConnectX Integration","No","Passed","Passed"
"TPQ-2026-00159","2026/01/12 06:50:14","2026/01/12 11:01:14","Closed","Work Completed","CAT 2","The PARQ - West Wing","Rooftop Chiller Plant","IoT Environmental","Server Room Humidity Anomaly","Veolia Water Mgmt","No","Failed","Passed"
"TPQ-2026-00160","2026/07/11 18:11:33","2026/07/11 22:49:33","Closed","Work Completed","CAT 3","The PARQ - West Wing","Fl 8 Restroom Zone","Electrical & Power","Lighting Automation Relay Trip","Senses Automation","No","Failed","Passed"
"TPQ-2026-00161","2026/05/08 06:56:39","2026/05/08 09:19:39","Closed","Work Completed","CAT 1","Central Plant Room","Fl 4 Office Hub","Security & Access","Door Forced Open Alarm","Senses Automation","No","Passed","Passed"
"TPQ-2026-00162","2026/09/18 12:03:49","","Open","Pending Dispatch","CAT 1","The PARQ - West Wing","Loading Dock Zone B","IoT Environmental","Car Park Carbon Monoxide Spike","JLL Engineering","No","","Passed"
"TPQ-2026-00163","2026/02/20 01:13:15","","In progress","Technician Dispatched","CAT 3","The PARQ - East Wing","Loading Dock Zone B","Water & Plumbing","Domestic Water Booster Pump Trip","JLL Engineering","Yes","","Passed"
"TPQ-2026-00164","2026/09/28 01:59:28","","Open","Pending Dispatch","CAT 2","The PARQ - East Wing","Fl 8 Restroom Zone","Electrical & Power","Power Quality Harmonic Warning","Senses Automation","No","","Passed"
"TPQ-2026-00165","2026/03/21 00:35:03","2026/03/21 11:06:03","Closed","Work Completed","CAT 2","Retail Podium","Loading Dock Zone B","Security & Access","CCTV Virtual Line-crossing","Forward Security","Yes","Failed","Passed"
"TPQ-2026-00166","2026/05/22 03:14:58","2026/05/23 10:48:58","Closed","Work Completed","CAT 2","Basement Parking","B1 Parking Bay 14","IoT Environmental","Server Room Humidity Anomaly","Veolia Water Mgmt","No","Failed","Passed"
"TPQ-2026-00167","2026/07/03 02:44:38","2026/07/03 04:25:38","Closed","Work Completed","CAT 1","Retail Podium","Fl 2 Food Court","BMS & HVAC","Exhaust Fan Variable Speed Drive Alarm","JLL Engineering","No","Passed","Passed"
"TPQ-2026-00168","2026/08/16 06:28:17","2026/08/18 01:05:17","Closed","Work Completed","CAT 3","Retail Podium","Loading Dock Zone B","BMS & HVAC","Chilled Water Differential Pressure Alert","Veolia Water Mgmt","Yes","Failed","Passed"
"TPQ-2026-00169","2026/02/11 22:56:47","2026/02/12 01:33:47","Closed","Work Completed","CAT 1","Retail Podium","Main Lobby","Electrical & Power","Main Switchboard Voltage Fluctuation","Veolia Water Mgmt","No","Passed","Passed"
"TPQ-2026-00170","2026/07/28 11:19:01","2026/07/28 18:38:01","Closed","Work Completed","CAT 3","Retail Podium","Main Lobby","Water & Plumbing","Sump Pump High Water Level","Forward Security","No","Failed","Passed"
"TPQ-2026-00171","2026/04/11 00:35:40","2026/04/11 03:21:40","Closed","Work Completed","CAT 2","Basement Parking","Loading Dock Zone B","IoT Environmental","Indoor Air Quality CO2 Surge","JLL Engineering","No","Passed","Passed"
"TPQ-2026-00172","2026/03/27 16:01:25","2026/03/27 23:25:25","Closed","Work Completed","CAT 1","The PARQ - East Wing","Fl 4 Office Hub","BMS & HVAC","Air Handling Unit (AHU) High Temp","Senses Automation","No","Failed","Passed"
"TPQ-2026-00173","2026/06/27 02:57:07","2026/06/27 06:51:07","Closed","Work Completed","CAT 2","Retail Podium","Loading Dock Zone B","Water & Plumbing","Water Leakage Sensor Triggered","Veolia Water Mgmt","No","Passed","Passed"
"TPQ-2026-00174","2026/03/12 06:57:26","2026/03/12 14:47:26","Closed","Work Completed","CAT 2","Central Plant Room","B1 Parking Bay 14","Water & Plumbing","Grease Trap High Level Warning","Forward Security","No","Failed","Passed"
"TPQ-2026-00175","2026/05/03 23:22:53","2026/05/05 06:20:53","Closed","Work Completed","CAT 1","The PARQ - East Wing","Fl 10 Tech Center","Fire Alarm System","Smoke Detector Activation - Optical","Senses Automation","Yes","Failed","Passed"
"TPQ-2026-00176","2026/06/19 12:32:34","2026/06/19 18:57:34","Closed","Work Completed","CAT 1","The PARQ - East Wing","Fl 2 Food Court","Water & Plumbing","Sump Pump High Water Level","ConnectX Integration","Yes","Failed","Passed"
"TPQ-2026-00177","2026/02/14 08:47:53","","Open","Pending Dispatch","CAT 1","The PARQ - East Wing","Fl 2 Food Court","Security & Access","Access Control Reader Tamper","JLL Engineering","Yes","","Passed"
"TPQ-2026-00178","2026/04/08 06:22:29","2026/04/08 06:45:29","Closed","Work Completed","CAT 1","Central Plant Room","Fl 4 Office Hub","IoT Environmental","Server Room Humidity Anomaly","ConnectX Integration","Yes","Passed","Passed"
"TPQ-2026-00179","2026/07/10 13:55:31","2026/07/10 17:25:31","Closed","Work Completed","CAT 2","The PARQ - East Wing","Fl 10 Tech Center","IoT Environmental","Restroom Odor Level Exceeded","JLL Engineering","Yes","Passed","Passed"
"TPQ-2026-00180","2026/04/07 17:20:30","2026/04/07 23:06:30","Closed","Work Completed","CAT 2","Central Plant Room","Fl 8 Restroom Zone","Water & Plumbing","Sump Pump High Water Level","ConnectX Integration","No","Failed","Passed"
"TPQ-2026-00181","2026/07/04 13:43:34","2026/07/04 19:35:34","Closed","Work Completed","CAT 2","The PARQ - West Wing","Fl 10 Tech Center","Electrical & Power","Power Quality Harmonic Warning","JLL Engineering","No","Failed","Passed"
"TPQ-2026-00182","2026/01/05 07:46:32","2026/01/05 14:25:32","Closed","Work Completed","CAT 2","Retail Podium","Fl 4 Office Hub","Water & Plumbing","Domestic Water Booster Pump Trip","Veolia Water Mgmt","No","Failed","Passed"
"TPQ-2026-00183","2026/04/22 14:17:16","2026/04/22 18:57:16","Closed","Work Completed","CAT 2","Retail Podium","Rooftop Chiller Plant","Security & Access","Door Forced Open Alarm","ConnectX Integration","No","Failed","Passed"
"TPQ-2026-00184","2026/01/06 04:33:47","2026/01/06 08:34:47","Closed","Work Completed","CAT 2","Basement Parking","Main Lobby","Electrical & Power","UPS Battery Temperature Alert","JLL Engineering","No","Failed","Passed"
"TPQ-2026-00185","2026/07/24 02:57:42","","In progress","Technician Dispatched","CAT 2","Retail Podium","Main Lobby","IoT Environmental","Car Park Carbon Monoxide Spike","Veolia Water Mgmt","No","","Passed"
"TPQ-2026-00186","2026/03/20 03:56:36","2026/03/21 14:08:36","Closed","Work Completed","CAT 3","Central Plant Room","Fl 8 Restroom Zone","Water & Plumbing","Grease Trap High Level Warning","ConnectX Integration","No","Failed","Passed"
"TPQ-2026-00187","2026/02/28 16:44:39","","In progress","Technician Dispatched","CAT 3","Basement Parking","B1 Parking Bay 14","Water & Plumbing","Domestic Water Booster Pump Trip","Veolia Water Mgmt","Yes","","Passed"
"TPQ-2026-00188","2026/05/03 09:05:20","2026/05/03 15:06:20","Closed","Work Completed","CAT 2","Retail Podium","Fl 10 Tech Center","Electrical & Power","Power Quality Harmonic Warning","Forward Security","No","Failed","Passed"
"TPQ-2026-00189","2026/01/21 19:54:32","2026/01/23 15:55:32","Closed","Work Completed","CAT 1","Basement Parking","Fl 8 Restroom Zone","BMS & HVAC","Air Handling Unit (AHU) High Temp","ConnectX Integration","No","Failed","Passed"
"TPQ-2026-00190","2026/08/05 03:37:34","","Acknowledged","Assigned to Ops","CAT 3","The PARQ - West Wing","Rooftop Chiller Plant","Security & Access","Access Control Reader Tamper","Forward Security","Yes","","Passed"
"TPQ-2026-00191","2026/07/10 19:15:40","2026/07/11 01:20:40","Closed","Work Completed","CAT 2","The PARQ - East Wing","Fl 10 Tech Center","IoT Environmental","Server Room Humidity Anomaly","Veolia Water Mgmt","No","Failed","Passed"
"TPQ-2026-00192","2026/09/16 00:52:25","","In progress","Technician Dispatched","CAT 2","Retail Podium","Fl 4 Office Hub","BMS & HVAC","VAV Box Temperature Deviation","JLL Engineering","No","","Passed"
"TPQ-2026-00193","2026/08/24 22:35:56","2026/08/25 05:28:56","Closed","Work Completed","CAT 1","The PARQ - West Wing","Fl 4 Office Hub","IoT Environmental","Server Room Humidity Anomaly","Senses Automation","No","Failed","Failed"
"TPQ-2026-00194","2026/08/05 03:51:30","2026/08/05 08:07:30","Closed","Work Completed","CAT 2","Central Plant Room","Fl 2 Food Court","Security & Access","Unauthorized Perimeter Loitering","ConnectX Integration","No","Failed","Passed"
"TPQ-2026-00195","2026/05/06 14:53:49","2026/05/06 17:45:49","Closed","Work Completed","CAT 3","Retail Podium","B1 Parking Bay 14","Electrical & Power","Main Switchboard Voltage Fluctuation","Senses Automation","No","Passed","Failed"
"TPQ-2026-00196","2026/01/08 17:56:22","2026/01/09 01:08:22","Closed","Work Completed","CAT 2","The PARQ - West Wing","Loading Dock Zone B","Fire Alarm System","FAS Device Disabled - Maintenance","JLL Engineering","Yes","Failed","Passed"
"TPQ-2026-00197","2026/08/15 19:38:28","2026/08/16 01:39:28","Closed","Work Completed","CAT 2","Central Plant Room","Fl 10 Tech Center","Water & Plumbing","Water Leakage Sensor Triggered","ConnectX Integration","Yes","Failed","Passed"
"TPQ-2026-00198","2026/06/27 02:15:58","2026/06/27 06:37:58","Closed","Work Completed","CAT 3","Central Plant Room","Fl 2 Food Court","Fire Alarm System","FAS Device Disabled - Maintenance","IOT Service Bot","No","Failed","Passed"
"TPQ-2026-00199","2026/04/16 16:48:21","2026/04/17 00:38:21","Closed","Work Completed","CAT 1","The PARQ - East Wing","Fl 2 Food Court","IoT Environmental","Car Park Carbon Monoxide Spike","Veolia Water Mgmt","No","Failed","Passed"
"TPQ-2026-00200","2026/06/11 19:57:22","","Open","Pending Dispatch","CAT 2","The PARQ - West Wing","B1 Parking Bay 14","Fire Alarm System","Smoke Detector Activation - Optical","Forward Security","No","","Passed"
"TPQ-2026-00201","2026/08/01 17:55:12","","Open","Pending Dispatch","CAT 1","Basement Parking","B1 Parking Bay 14","Security & Access","Access Control Reader Tamper","JLL Engineering","Yes","","Passed"
"TPQ-2026-00202","2026/09/12 22:25:03","2026/09/13 02:09:03","Closed","Work Completed","CAT 1","Basement Parking","Rooftop Chiller Plant","IoT Environmental","Indoor Air Quality CO2 Surge","Veolia Water Mgmt","No","Passed","Passed"
"TPQ-2026-00203","2026/09/24 10:14:44","2026/09/24 17:42:44","Closed","Work Completed","CAT 3","The PARQ - West Wing","Loading Dock Zone B","IoT Environmental","Car Park Carbon Monoxide Spike","JLL Engineering","No","Failed","Passed"
"TPQ-2026-00204","2026/09/27 22:04:05","2026/09/27 23:01:05","Closed","Work Completed","CAT 1","The PARQ - West Wing","Main Lobby","Fire Alarm System","Smoke Detector Activation - Optical","IOT Service Bot","No","Passed","Passed"
"TPQ-2026-00205","2026/05/05 02:12:43","","In progress","Technician Dispatched","CAT 2","Basement Parking","Fl 8 Restroom Zone","Water & Plumbing","Domestic Water Booster Pump Trip","Veolia Water Mgmt","No","","Passed"
"TPQ-2026-00206","2026/02/08 20:22:30","2026/02/10 07:13:30","Closed","Work Completed","CAT 1","Basement Parking","B1 Parking Bay 14","Fire Alarm System","Manual Call Point Triggered","ConnectX Integration","No","Failed","Passed"
"TPQ-2026-00207","2026/08/15 23:46:14","2026/08/16 00:55:14","Closed","Work Completed","CAT 2","Basement Parking","B1 Parking Bay 14","IoT Environmental","Server Room Humidity Anomaly","Senses Automation","Yes","Passed","Passed"
"TPQ-2026-00208","2026/06/03 21:15:58","2026/06/04 02:32:58","Closed","Work Completed","CAT 2","Basement Parking","Rooftop Chiller Plant","Security & Access","Access Control Reader Tamper","Veolia Water Mgmt","No","Failed","Passed"
"TPQ-2026-00209","2026/06/01 05:56:38","2026/06/01 07:54:38","Closed","Work Completed","CAT 1","Central Plant Room","B1 Parking Bay 14","Electrical & Power","Power Quality Harmonic Warning","ConnectX Integration","No","Passed","Passed"
"TPQ-2026-00210","2026/05/12 18:56:48","2026/05/13 09:58:48","Closed","Work Completed","CAT 2","The PARQ - East Wing","Fl 10 Tech Center","Electrical & Power","Lighting Automation Relay Trip","Senses Automation","No","Failed","Failed"
"TPQ-2026-00211","2026/06/24 02:01:48","2026/06/24 05:16:48","Closed","Work Completed","CAT 2","The PARQ - East Wing","Loading Dock Zone B","BMS & HVAC","Exhaust Fan Variable Speed Drive Alarm","Forward Security","No","Passed","Passed"
"TPQ-2026-00212","2026/04/02 06:30:42","2026/04/02 10:20:42","Closed","Work Completed","CAT 2","Retail Podium","Fl 4 Office Hub","Water & Plumbing","Domestic Water Booster Pump Trip","JLL Engineering","No","Passed","Passed"
"TPQ-2026-00213","2026/03/19 15:33:04","2026/03/19 17:08:04","Closed","Work Completed","CAT 3","Central Plant Room","Fl 4 Office Hub","IoT Environmental","Server Room Humidity Anomaly","Veolia Water Mgmt","No","Passed","Passed"
"TPQ-2026-00214","2026/04/24 06:59:52","2026/04/24 07:28:52","Closed","Work Completed","CAT 3","Retail Podium","Fl 2 Food Court","BMS & HVAC","VAV Box Temperature Deviation","ConnectX Integration","No","Passed","Passed"
"TPQ-2026-00215","2026/07/26 04:43:54","2026/07/26 06:41:54","Closed","Work Completed","CAT 2","The PARQ - East Wing","Rooftop Chiller Plant","BMS & HVAC","Exhaust Fan Variable Speed Drive Alarm","Senses Automation","No","Passed","Passed"
"TPQ-2026-00216","2026/06/22 04:37:00","2026/06/22 07:21:00","Closed","Work Completed","CAT 2","Basement Parking","Fl 10 Tech Center","IoT Environmental","Server Room Humidity Anomaly","JLL Engineering","Yes","Passed","Passed"
"TPQ-2026-00217","2026/01/07 04:15:30","2026/01/07 05:08:30","Closed","Work Completed","CAT 2","Central Plant Room","B1 Parking Bay 14","Security & Access","Access Control Reader Tamper","Senses Automation","Yes","Passed","Passed"
"TPQ-2026-00218","2026/04/15 02:15:56","2026/04/15 02:53:56","Closed","Work Completed","CAT 3","Retail Podium","B1 Parking Bay 14","Water & Plumbing","Domestic Water Booster Pump Trip","IOT Service Bot","No","Passed","Passed"
"TPQ-2026-00219","2026/04/11 20:58:35","2026/04/13 08:13:35","Closed","Work Completed","CAT 1","Central Plant Room","Fl 4 Office Hub","Water & Plumbing","Grease Trap High Level Warning","Senses Automation","No","Failed","Passed"
"TPQ-2026-00220","2026/09/02 19:49:37","2026/09/03 03:47:37","Closed","Work Completed","CAT 1","Basement Parking","Main Lobby","Water & Plumbing","Water Leakage Sensor Triggered","Forward Security","No","Failed","Passed"
"TPQ-2026-00221","2026/02/04 17:09:16","2026/02/04 23:37:16","Closed","Work Completed","CAT 3","Basement Parking","Fl 2 Food Court","Security & Access","Door Forced Open Alarm","Senses Automation","No","Failed","Passed"
"TPQ-2026-00222","2026/02/24 01:03:59","","Acknowledged","Assigned to Ops","CAT 3","The PARQ - West Wing","Fl 10 Tech Center","Fire Alarm System","FAS Loop Supervisory Fault","IOT Service Bot","Yes","","Passed"
"TPQ-2026-00223","2026/04/04 10:31:52","2026/04/04 13:45:52","Closed","Work Completed","CAT 1","Basement Parking","Fl 2 Food Court","Electrical & Power","Lighting Automation Relay Trip","Veolia Water Mgmt","No","Passed","Passed"
"TPQ-2026-00224","2026/08/16 09:35:09","2026/08/16 16:51:09","Closed","Work Completed","CAT 2","Retail Podium","Rooftop Chiller Plant","Security & Access","CCTV Virtual Line-crossing","Senses Automation","No","Failed","Passed"
"TPQ-2026-00225","2026/01/06 08:39:22","2026/01/07 09:40:22","Closed","Work Completed","CAT 3","Basement Parking","Fl 8 Restroom Zone","IoT Environmental","Restroom Odor Level Exceeded","Senses Automation","Yes","Failed","Failed"
"TPQ-2026-00226","2026/05/03 13:25:30","2026/05/03 15:59:30","Closed","Work Completed","CAT 2","Central Plant Room","Fl 4 Office Hub","Electrical & Power","Lighting Automation Relay Trip","JLL Engineering","No","Passed","Passed"
"TPQ-2026-00227","2026/04/15 04:01:34","2026/04/15 10:14:34","Closed","Work Completed","CAT 3","The PARQ - East Wing","Main Lobby","BMS & HVAC","Exhaust Fan Variable Speed Drive Alarm","JLL Engineering","No","Failed","Passed"
"TPQ-2026-00228","2026/05/21 08:49:39","2026/05/21 16:10:39","Closed","Work Completed","CAT 2","The PARQ - West Wing","Fl 10 Tech Center","BMS & HVAC","Exhaust Fan Variable Speed Drive Alarm","Veolia Water Mgmt","No","Failed","Passed"
"TPQ-2026-00229","2026/06/25 11:30:13","2026/06/25 18:41:13","Closed","Work Completed","CAT 3","The PARQ - East Wing","Fl 8 Restroom Zone","Electrical & Power","UPS Battery Temperature Alert","IOT Service Bot","No","Failed","Passed"
"TPQ-2026-00230","2026/05/18 02:35:22","2026/05/18 03:16:22","Closed","Work Completed","CAT 1","Central Plant Room","Loading Dock Zone B","BMS & HVAC","VAV Box Temperature Deviation","Forward Security","No","Passed","Passed"
"TPQ-2026-00231","2026/07/15 08:53:06","2026/07/15 13:54:06","Closed","Work Completed","CAT 1","Retail Podium","Main Lobby","Electrical & Power","Lighting Automation Relay Trip","Senses Automation","No","Failed","Passed"
"TPQ-2026-00232","2026/05/27 17:17:04","2026/05/27 22:49:04","Closed","Work Completed","CAT 2","The PARQ - East Wing","Fl 4 Office Hub","Security & Access","CCTV Virtual Line-crossing","ConnectX Integration","Yes","Failed","Passed"
"TPQ-2026-00233","2026/03/09 16:22:13","","Open","Pending Dispatch","CAT 3","Retail Podium","Loading Dock Zone B","IoT Environmental","Restroom Odor Level Exceeded","ConnectX Integration","Yes","","Passed"
"TPQ-2026-00234","2026/08/12 23:23:06","2026/08/13 04:00:06","Closed","Work Completed","CAT 1","Retail Podium","Fl 4 Office Hub","BMS & HVAC","VAV Box Temperature Deviation","IOT Service Bot","No","Failed","Passed"
"TPQ-2026-00235","2026/05/06 20:53:18","2026/05/07 01:25:18","Closed","Work Completed","CAT 1","Central Plant Room","Fl 2 Food Court","BMS & HVAC","Air Handling Unit (AHU) High Temp","ConnectX Integration","No","Failed","Failed"
"TPQ-2026-00236","2026/04/07 18:57:41","2026/04/08 02:54:41","Closed","Work Completed","CAT 2","Central Plant Room","Rooftop Chiller Plant","Security & Access","Unauthorized Perimeter Loitering","Forward Security","No","Failed","Passed"
"TPQ-2026-00237","2026/06/18 08:56:20","2026/06/18 11:23:20","Closed","Work Completed","CAT 1","The PARQ - West Wing","B1 Parking Bay 14","Security & Access","CCTV Virtual Line-crossing","Forward Security","Yes","Passed","Passed"
"TPQ-2026-00238","2026/05/10 10:20:35","2026/05/10 16:45:35","Closed","Work Completed","CAT 2","Basement Parking","Fl 2 Food Court","BMS & HVAC","Air Handling Unit (AHU) High Temp","Forward Security","No","Failed","Passed"
"TPQ-2026-00239","2026/09/27 18:56:24","2026/09/27 23:31:24","Closed","Work Completed","CAT 2","Basement Parking","Fl 2 Food Court","Electrical & Power","Lighting Automation Relay Trip","IOT Service Bot","No","Failed","Passed"
"TPQ-2026-00240","2026/01/08 09:40:00","2026/01/08 12:05:00","Closed","Work Completed","CAT 3","The PARQ - West Wing","Rooftop Chiller Plant","BMS & HVAC","Exhaust Fan Variable Speed Drive Alarm","ConnectX Integration","No","Passed","Passed"
"TPQ-2026-00241","2026/09/14 12:19:44","2026/09/14 18:32:44","Closed","Work Completed","CAT 1","Retail Podium","Fl 10 Tech Center","Electrical & Power","Power Quality Harmonic Warning","Veolia Water Mgmt","No","Failed","Passed"
"TPQ-2026-00242","2026/03/17 08:31:44","2026/03/17 11:04:44","Closed","Work Completed","CAT 2","Retail Podium","B1 Parking Bay 14","BMS & HVAC","Exhaust Fan Variable Speed Drive Alarm","ConnectX Integration","No","Passed","Passed"
"TPQ-2026-00243","2026/08/11 17:04:56","2026/08/11 19:24:56","Closed","Work Completed","CAT 3","The PARQ - East Wing","B1 Parking Bay 14","IoT Environmental","Indoor Air Quality CO2 Surge","Forward Security","No","Passed","Passed"
"TPQ-2026-00244","2026/04/27 02:42:15","2026/04/27 05:53:15","Closed","Work Completed","CAT 3","Basement Parking","Fl 10 Tech Center","Water & Plumbing","Sump Pump High Water Level","JLL Engineering","No","Passed","Passed"
"TPQ-2026-00245","2026/05/15 10:23:46","2026/05/15 13:58:46","Closed","Work Completed","CAT 1","The PARQ - East Wing","Rooftop Chiller Plant","Water & Plumbing","Grease Trap High Level Warning","Senses Automation","No","Passed","Passed"
"TPQ-2026-00246","2026/01/17 08:22:04","2026/01/17 11:00:04","Closed","Work Completed","CAT 1","Basement Parking","Loading Dock Zone B","Fire Alarm System","Smoke Detector Activation - Optical","JLL Engineering","No","Passed","Passed"
"TPQ-2026-00247","2026/06/09 17:46:58","","Acknowledged","Assigned to Ops","CAT 1","The PARQ - West Wing","Fl 4 Office Hub","Water & Plumbing","Water Leakage Sensor Triggered","JLL Engineering","No","","Passed"
"TPQ-2026-00248","2026/03/22 00:06:47","2026/03/22 05:41:47","Closed","Work Completed","CAT 3","Retail Podium","Fl 10 Tech Center","Security & Access","Unauthorized Perimeter Loitering","JLL Engineering","No","Failed","Passed"
"TPQ-2026-00249","2026/05/12 23:12:08","2026/05/12 23:26:08","Closed","Work Completed","CAT 1","Central Plant Room","Fl 4 Office Hub","Security & Access","Door Forced Open Alarm","IOT Service Bot","No","Passed","Passed"
"TPQ-2026-00250","2026/03/25 00:09:16","2026/03/25 02:22:16","Closed","Work Completed","CAT 3","Retail Podium","Fl 10 Tech Center","Electrical & Power","Power Quality Harmonic Warning","Veolia Water Mgmt","No","Passed","Passed"
"TPQ-2026-00251","2026/03/11 18:38:56","2026/03/12 00:15:56","Closed","Work Completed","CAT 1","Retail Podium","B1 Parking Bay 14","BMS & HVAC","Air Handling Unit (AHU) High Temp","JLL Engineering","No","Failed","Passed"
"TPQ-2026-00252","2026/08/26 03:49:48","2026/08/26 10:29:48","Closed","Work Completed","CAT 2","Basement Parking","Rooftop Chiller Plant","Security & Access","Door Forced Open Alarm","ConnectX Integration","No","Failed","Passed"
"TPQ-2026-00253","2026/09/17 00:38:36","2026/09/17 06:40:36","Closed","Work Completed","CAT 3","Central Plant Room","Fl 10 Tech Center","Fire Alarm System","FAS Loop Supervisory Fault","IOT Service Bot","No","Failed","Passed"
"TPQ-2026-00254","2026/03/14 18:20:26","2026/03/14 18:34:26","Closed","Work Completed","CAT 1","Retail Podium","Loading Dock Zone B","Fire Alarm System","Manual Call Point Triggered","JLL Engineering","No","Passed","Passed"
"TPQ-2026-00255","2026/04/19 09:05:33","2026/04/19 16:07:33","Closed","Work Completed","CAT 1","The PARQ - West Wing","Fl 4 Office Hub","Electrical & Power","Power Quality Harmonic Warning","Senses Automation","No","Failed","Passed"
"TPQ-2026-00256","2026/08/05 03:19:06","2026/08/05 07:06:06","Closed","Work Completed","CAT 3","The PARQ - West Wing","Loading Dock Zone B","BMS & HVAC","VAV Box Temperature Deviation","ConnectX Integration","Yes","Passed","Passed"
"TPQ-2026-00257","2026/08/12 20:05:15","2026/08/13 00:53:15","Closed","Work Completed","CAT 1","The PARQ - West Wing","Main Lobby","Fire Alarm System","Manual Call Point Triggered","ConnectX Integration","No","Failed","Passed"
"TPQ-2026-00258","2026/02/11 14:49:32","","Open","Pending Dispatch","CAT 1","Central Plant Room","Main Lobby","BMS & HVAC","Chilled Water Differential Pressure Alert","JLL Engineering","No","","Passed"
"TPQ-2026-00259","2026/06/10 22:29:27","2026/06/11 02:59:27","Closed","Work Completed","CAT 3","Retail Podium","Fl 2 Food Court","BMS & HVAC","VAV Box Temperature Deviation","ConnectX Integration","No","Failed","Passed"
"TPQ-2026-00260","2026/05/26 23:17:04","2026/05/27 01:05:04","Closed","Work Completed","CAT 3","Retail Podium","Rooftop Chiller Plant","Electrical & Power","UPS Battery Temperature Alert","JLL Engineering","Yes","Passed","Passed"
"TPQ-2026-00261","2026/04/23 17:51:38","2026/04/23 23:50:38","Closed","Work Completed","CAT 2","The PARQ - West Wing","Rooftop Chiller Plant","Electrical & Power","UPS Battery Temperature Alert","Veolia Water Mgmt","No","Failed","Passed"
"TPQ-2026-00262","2026/09/09 15:06:12","2026/09/09 19:39:12","Closed","Work Completed","CAT 1","Basement Parking","B1 Parking Bay 14","Water & Plumbing","Domestic Water Booster Pump Trip","IOT Service Bot","No","Failed","Passed"
"TPQ-2026-00263","2026/08/19 07:44:20","2026/08/19 11:05:20","Closed","Work Completed","CAT 3","Basement Parking","Fl 10 Tech Center","Electrical & Power","UPS Battery Temperature Alert","Veolia Water Mgmt","No","Passed","Passed"
"TPQ-2026-00264","2026/03/26 11:54:50","2026/03/26 18:40:50","Closed","Work Completed","CAT 2","The PARQ - West Wing","Fl 2 Food Court","Fire Alarm System","FAS Loop Supervisory Fault","JLL Engineering","No","Failed","Passed"
"TPQ-2026-00265","2026/05/22 10:05:23","2026/05/22 11:13:23","Closed","Work Completed","CAT 2","The PARQ - East Wing","Fl 2 Food Court","Water & Plumbing","Domestic Water Booster Pump Trip","Forward Security","No","Passed","Passed"
"TPQ-2026-00266","2026/06/08 00:39:57","2026/06/08 03:17:57","Closed","Work Completed","CAT 2","The PARQ - West Wing","Main Lobby","BMS & HVAC","VAV Box Temperature Deviation","Forward Security","No","Passed","Passed"
"TPQ-2026-00267","2026/09/28 19:38:20","2026/09/28 21:05:20","Closed","Work Completed","CAT 3","The PARQ - West Wing","B1 Parking Bay 14","Security & Access","Door Forced Open Alarm","IOT Service Bot","No","Passed","Passed"
"TPQ-2026-00268","2026/07/03 15:33:45","2026/07/03 19:07:45","Closed","Work Completed","CAT 2","The PARQ - East Wing","Loading Dock Zone B","Water & Plumbing","Grease Trap High Level Warning","JLL Engineering","No","Passed","Passed"
"TPQ-2026-00269","2026/02/12 14:09:36","2026/02/12 20:08:36","Closed","Work Completed","CAT 2","Central Plant Room","Loading Dock Zone B","Security & Access","CCTV Virtual Line-crossing","Veolia Water Mgmt","Yes","Failed","Passed"
"TPQ-2026-00270","2026/08/24 15:13:13","2026/08/24 18:09:13","Closed","Work Completed","CAT 3","Central Plant Room","Loading Dock Zone B","IoT Environmental","Indoor Air Quality CO2 Surge","Veolia Water Mgmt","Yes","Passed","Passed"
"TPQ-2026-00271","2026/07/11 17:45:46","","Acknowledged","Assigned to Ops","CAT 2","The PARQ - East Wing","Loading Dock Zone B","Water & Plumbing","Water Leakage Sensor Triggered","Veolia Water Mgmt","No","","Passed"
"TPQ-2026-00272","2026/09/24 01:34:34","2026/09/24 08:06:34","Closed","Work Completed","CAT 3","The PARQ - East Wing","Loading Dock Zone B","Fire Alarm System","Smoke Detector Activation - Optical","Senses Automation","No","Failed","Passed"
"TPQ-2026-00273","2026/09/26 06:45:21","2026/09/26 10:42:21","Closed","Work Completed","CAT 2","Retail Podium","Fl 10 Tech Center","IoT Environmental","Restroom Odor Level Exceeded","Veolia Water Mgmt","Yes","Passed","Passed"
"TPQ-2026-00274","2026/05/15 18:26:18","2026/05/16 02:16:18","Closed","Work Completed","CAT 3","Retail Podium","B1 Parking Bay 14","BMS & HVAC","Chilled Water Differential Pressure Alert","Senses Automation","Yes","Failed","Passed"
"TPQ-2026-00275","2026/01/07 16:07:29","2026/01/07 23:57:29","Closed","Work Completed","CAT 3","Basement Parking","Rooftop Chiller Plant","Security & Access","Unauthorized Perimeter Loitering","ConnectX Integration","No","Failed","Passed"
"TPQ-2026-00276","2026/01/21 15:17:11","","In progress","Technician Dispatched","CAT 2","Retail Podium","Fl 8 Restroom Zone","BMS & HVAC","Air Handling Unit (AHU) High Temp","Veolia Water Mgmt","No","","Failed"
"TPQ-2026-00277","2026/09/11 13:12:15","","Acknowledged","Assigned to Ops","CAT 1","Retail Podium","Fl 10 Tech Center","Electrical & Power","UPS Battery Temperature Alert","ConnectX Integration","No","","Passed"
"TPQ-2026-00278","2026/05/02 15:35:28","2026/05/02 19:42:28","Closed","Work Completed","CAT 3","The PARQ - East Wing","Fl 10 Tech Center","IoT Environmental","Indoor Air Quality CO2 Surge","ConnectX Integration","No","Failed","Passed"
"TPQ-2026-00279","2026/03/14 22:53:28","2026/03/15 04:28:28","Closed","Work Completed","CAT 1","The PARQ - West Wing","B1 Parking Bay 14","BMS & HVAC","VAV Box Temperature Deviation","JLL Engineering","No","Failed","Passed"
"TPQ-2026-00280","2026/09/06 07:27:25","2026/09/06 09:46:25","Closed","Work Completed","CAT 3","The PARQ - West Wing","Main Lobby","Security & Access","Door Forced Open Alarm","IOT Service Bot","No","Passed","Passed"
"TPQ-2026-00281","2026/06/23 19:34:51","2026/06/23 20:03:51","Closed","Work Completed","CAT 1","The PARQ - East Wing","Fl 4 Office Hub","Security & Access","Unauthorized Perimeter Loitering","Senses Automation","No","Passed","Passed"
"TPQ-2026-00282","2026/03/16 05:17:22","","Acknowledged","Assigned to Ops","CAT 1","Retail Podium","Fl 4 Office Hub","Security & Access","Door Forced Open Alarm","ConnectX Integration","Yes","","Passed"
"TPQ-2026-00283","2026/06/14 07:14:53","2026/06/14 08:23:53","Closed","Work Completed","CAT 1","Retail Podium","Fl 2 Food Court","IoT Environmental","Car Park Carbon Monoxide Spike","Senses Automation","No","Passed","Failed"
"TPQ-2026-00284","2026/04/01 22:16:42","2026/04/02 00:21:42","Closed","Work Completed","CAT 2","Retail Podium","Fl 10 Tech Center","Fire Alarm System","FAS Device Disabled - Maintenance","IOT Service Bot","Yes","Passed","Passed"
"TPQ-2026-00285","2026/06/07 16:59:42","","Open","Pending Dispatch","CAT 3","Retail Podium","Rooftop Chiller Plant","Water & Plumbing","Sump Pump High Water Level","Forward Security","No","","Passed"
"TPQ-2026-00286","2026/08/01 07:50:07","2026/08/01 11:53:07","Closed","Work Completed","CAT 3","The PARQ - West Wing","Fl 4 Office Hub","Security & Access","CCTV Virtual Line-crossing","Senses Automation","Yes","Failed","Passed"
"TPQ-2026-00287","2026/07/14 20:46:53","2026/07/15 02:28:53","Closed","Work Completed","CAT 2","Retail Podium","B1 Parking Bay 14","Electrical & Power","Power Quality Harmonic Warning","ConnectX Integration","No","Failed","Passed"
"TPQ-2026-00288","2026/05/04 11:32:55","2026/05/04 18:23:55","Closed","Work Completed","CAT 2","Basement Parking","Rooftop Chiller Plant","Fire Alarm System","Manual Call Point Triggered","Forward Security","No","Failed","Failed"
"TPQ-2026-00289","2026/03/19 05:32:15","2026/03/19 08:10:15","Closed","Work Completed","CAT 2","Central Plant Room","Fl 4 Office Hub","Fire Alarm System","Smoke Detector Activation - Optical","Veolia Water Mgmt","No","Passed","Passed"
"TPQ-2026-00290","2026/09/15 21:21:26","","Open","Pending Dispatch","CAT 1","The PARQ - East Wing","Fl 10 Tech Center","Security & Access","Door Forced Open Alarm","Senses Automation","No","","Passed"
"TPQ-2026-00291","2026/05/18 21:29:02","2026/05/18 23:09:02","Closed","Work Completed","CAT 2","The PARQ - East Wing","Loading Dock Zone B","BMS & HVAC","Exhaust Fan Variable Speed Drive Alarm","Veolia Water Mgmt","No","Passed","Passed"
"TPQ-2026-00292","2026/01/06 04:47:21","2026/01/06 04:59:21","Closed","Work Completed","CAT 1","The PARQ - East Wing","Fl 8 Restroom Zone","Security & Access","Access Control Reader Tamper","Senses Automation","No","Passed","Passed"
"TPQ-2026-00293","2026/08/28 00:55:25","2026/08/28 08:27:25","Closed","Work Completed","CAT 3","The PARQ - East Wing","B1 Parking Bay 14","Electrical & Power","Lighting Automation Relay Trip","IOT Service Bot","No","Failed","Passed"
"TPQ-2026-00294","2026/07/28 06:51:05","2026/07/28 08:44:05","Closed","Work Completed","CAT 3","Basement Parking","Fl 4 Office Hub","BMS & HVAC","Chilled Water Differential Pressure Alert","Veolia Water Mgmt","No","Passed","Passed"
"TPQ-2026-00295","2026/05/23 16:11:02","2026/05/24 08:35:02","Closed","Work Completed","CAT 2","The PARQ - East Wing","Fl 8 Restroom Zone","IoT Environmental","Car Park Carbon Monoxide Spike","JLL Engineering","Yes","Failed","Passed"
"TPQ-2026-00296","2026/02/02 00:58:27","2026/02/02 07:57:27","Closed","Work Completed","CAT 2","Basement Parking","B1 Parking Bay 14","Fire Alarm System","Smoke Detector Activation - Optical","Forward Security","No","Failed","Passed"
"TPQ-2026-00297","2026/03/04 03:30:01","2026/03/04 07:15:01","Closed","Work Completed","CAT 1","The PARQ - East Wing","Fl 2 Food Court","Electrical & Power","Main Switchboard Voltage Fluctuation","Senses Automation","No","Passed","Passed"
"TPQ-2026-00298","2026/05/20 01:52:03","2026/05/20 03:54:03","Closed","Work Completed","CAT 3","The PARQ - East Wing","B1 Parking Bay 14","Security & Access","Unauthorized Perimeter Loitering","ConnectX Integration","No","Passed","Passed"
"TPQ-2026-00299","2026/02/17 13:52:01","2026/02/17 18:48:01","Closed","Work Completed","CAT 3","The PARQ - East Wing","Fl 8 Restroom Zone","Electrical & Power","UPS Battery Temperature Alert","Forward Security","No","Failed","Passed"
"TPQ-2026-00300","2026/08/01 11:09:48","2026/08/01 12:56:48","Closed","Work Completed","CAT 1","Retail Podium","Fl 2 Food Court","BMS & HVAC","Chilled Water Differential Pressure Alert","Forward Security","No","Passed","Passed"
"TPQ-2026-00301","2026/06/23 18:52:18","","Acknowledged","Assigned to Ops","CAT 1","Basement Parking","Main Lobby","IoT Environmental","Server Room Humidity Anomaly","Forward Security","No","","Passed"
"TPQ-2026-00302","2026/08/12 07:29:12","2026/08/12 08:14:12","Closed","Work Completed","CAT 3","The PARQ - West Wing","Main Lobby","Security & Access","Access Control Reader Tamper","Senses Automation","No","Passed","Passed"
"TPQ-2026-00303","2026/05/03 21:30:47","2026/05/04 05:00:47","Closed","Work Completed","CAT 3","The PARQ - East Wing","Main Lobby","Security & Access","Door Forced Open Alarm","IOT Service Bot","No","Failed","Passed"
"TPQ-2026-00304","2026/03/11 10:00:53","2026/03/11 12:53:53","Closed","Work Completed","CAT 1","The PARQ - West Wing","Fl 4 Office Hub","Fire Alarm System","Manual Call Point Triggered","IOT Service Bot","No","Passed","Passed"
"TPQ-2026-00305","2026/01/25 18:02:58","2026/01/26 20:37:58","Closed","Work Completed","CAT 3","The PARQ - East Wing","Fl 2 Food Court","BMS & HVAC","VAV Box Temperature Deviation","Senses Automation","Yes","Failed","Passed"
"TPQ-2026-00306","2026/03/13 16:12:34","2026/03/13 21:56:34","Closed","Work Completed","CAT 2","Retail Podium","Main Lobby","Water & Plumbing","Grease Trap High Level Warning","IOT Service Bot","No","Failed","Passed"
"TPQ-2026-00307","2026/08/12 01:25:08","2026/08/12 08:47:08","Closed","Work Completed","CAT 3","Basement Parking","B1 Parking Bay 14","Security & Access","Unauthorized Perimeter Loitering","Forward Security","No","Failed","Passed"
"TPQ-2026-00308","2026/06/13 02:00:48","2026/06/13 05:18:48","Closed","Work Completed","CAT 2","Basement Parking","Loading Dock Zone B","Security & Access","Access Control Reader Tamper","ConnectX Integration","Yes","Passed","Passed"
"TPQ-2026-00309","2026/06/22 01:37:23","2026/06/22 05:00:23","Closed","Work Completed","CAT 3","Retail Podium","Fl 8 Restroom Zone","Water & Plumbing","Grease Trap High Level Warning","JLL Engineering","No","Passed","Passed"
"TPQ-2026-00310","2026/03/12 00:15:39","2026/03/12 03:49:39","Closed","Work Completed","CAT 2","The PARQ - East Wing","Loading Dock Zone B","IoT Environmental","Indoor Air Quality CO2 Surge","Senses Automation","No","Passed","Passed"
"TPQ-2026-00311","2026/05/08 05:08:19","2026/05/08 12:16:19","Closed","Work Completed","CAT 2","Retail Podium","Rooftop Chiller Plant","BMS & HVAC","Exhaust Fan Variable Speed Drive Alarm","ConnectX Integration","No","Failed","Passed"
"TPQ-2026-00312","2026/02/03 16:59:29","","In progress","Technician Dispatched","CAT 3","The PARQ - West Wing","Fl 8 Restroom Zone","IoT Environmental","Car Park Carbon Monoxide Spike","Forward Security","Yes","","Passed"
"TPQ-2026-00313","2026/05/25 01:15:08","2026/05/25 09:14:08","Closed","Work Completed","CAT 2","Central Plant Room","Fl 10 Tech Center","Security & Access","Door Forced Open Alarm","Forward Security","No","Failed","Passed"
"TPQ-2026-00314","2026/01/26 16:24:21","2026/01/26 19:07:21","Closed","Work Completed","CAT 3","The PARQ - West Wing","B1 Parking Bay 14","IoT Environmental","Indoor Air Quality CO2 Surge","ConnectX Integration","Yes","Passed","Passed"
"TPQ-2026-00315","2026/01/18 23:52:50","2026/01/19 00:18:50","Closed","Work Completed","CAT 3","The PARQ - East Wing","Fl 10 Tech Center","Fire Alarm System","FAS Device Disabled - Maintenance","JLL Engineering","Yes","Passed","Passed"
"TPQ-2026-00316","2026/02/24 15:11:50","2026/02/24 22:45:50","Closed","Work Completed","CAT 3","The PARQ - West Wing","Main Lobby","Water & Plumbing","Domestic Water Booster Pump Trip","Veolia Water Mgmt","Yes","Failed","Passed"
"TPQ-2026-00317","2026/04/12 18:21:44","2026/04/12 21:55:44","Closed","Work Completed","CAT 2","Retail Podium","Main Lobby","Fire Alarm System","Smoke Detector Activation - Optical","ConnectX Integration","No","Passed","Passed"
"TPQ-2026-00318","2026/07/07 07:29:05","2026/07/07 12:05:05","Closed","Work Completed","CAT 1","Central Plant Room","Loading Dock Zone B","IoT Environmental","Indoor Air Quality CO2 Surge","Veolia Water Mgmt","No","Failed","Passed"
"TPQ-2026-00319","2026/05/22 18:36:35","2026/05/22 22:04:35","Closed","Work Completed","CAT 2","Basement Parking","Fl 8 Restroom Zone","BMS & HVAC","VAV Box Temperature Deviation","JLL Engineering","No","Passed","Passed"
"TPQ-2026-00320","2026/04/03 20:42:29","","Open","Pending Dispatch","CAT 2","The PARQ - East Wing","Fl 2 Food Court","Water & Plumbing","Water Leakage Sensor Triggered","Forward Security","No","","Passed"
"TPQ-2026-00321","2026/01/16 16:41:40","2026/01/16 16:53:40","Closed","Work Completed","CAT 2","The PARQ - West Wing","B1 Parking Bay 14","IoT Environmental","Server Room Humidity Anomaly","IOT Service Bot","No","Passed","Failed"
"TPQ-2026-00322","2026/05/26 16:48:28","2026/05/26 22:46:28","Closed","Work Completed","CAT 2","Retail Podium","Rooftop Chiller Plant","Security & Access","Door Forced Open Alarm","Veolia Water Mgmt","No","Failed","Passed"
"TPQ-2026-00323","2026/04/04 10:38:42","2026/04/04 17:24:42","Closed","Work Completed","CAT 2","The PARQ - West Wing","Main Lobby","Security & Access","CCTV Virtual Line-crossing","Veolia Water Mgmt","Yes","Failed","Passed"
"TPQ-2026-00324","2026/03/10 21:07:37","2026/03/11 02:20:37","Closed","Work Completed","CAT 1","The PARQ - West Wing","Fl 2 Food Court","BMS & HVAC","Exhaust Fan Variable Speed Drive Alarm","Senses Automation","No","Failed","Passed"
"TPQ-2026-00325","2026/05/09 15:53:18","2026/05/10 23:43:18","Closed","Work Completed","CAT 1","Basement Parking","Fl 10 Tech Center","BMS & HVAC","VAV Box Temperature Deviation","IOT Service Bot","No","Failed","Passed"
"TPQ-2026-00326","2026/03/03 09:05:44","2026/03/03 10:55:44","Closed","Work Completed","CAT 2","Basement Parking","Fl 4 Office Hub","Security & Access","Unauthorized Perimeter Loitering","IOT Service Bot","No","Passed","Passed"
"TPQ-2026-00327","2026/02/25 13:28:06","2026/02/25 20:11:06","Closed","Work Completed","CAT 1","Retail Podium","Fl 2 Food Court","Water & Plumbing","Grease Trap High Level Warning","IOT Service Bot","No","Failed","Passed"
"TPQ-2026-00328","2026/01/06 08:15:08","2026/01/06 11:12:08","Closed","Work Completed","CAT 1","Retail Podium","Main Lobby","IoT Environmental","Server Room Humidity Anomaly","Senses Automation","No","Passed","Passed"
"TPQ-2026-00329","2026/09/12 01:06:02","2026/09/12 05:36:02","Closed","Work Completed","CAT 3","The PARQ - West Wing","Fl 2 Food Court","Security & Access","Access Control Reader Tamper","Forward Security","Yes","Failed","Passed"
"TPQ-2026-00330","2026/03/22 10:01:15","2026/03/23 02:35:15","Closed","Work Completed","CAT 3","Central Plant Room","Fl 2 Food Court","Water & Plumbing","Water Leakage Sensor Triggered","JLL Engineering","No","Failed","Passed"
"TPQ-2026-00331","2026/04/09 09:02:04","2026/04/09 11:49:04","Closed","Work Completed","CAT 1","Retail Podium","Fl 2 Food Court","Fire Alarm System","FAS Device Disabled - Maintenance","JLL Engineering","Yes","Passed","Passed"
"TPQ-2026-00332","2026/02/18 13:52:31","2026/02/18 20:18:31","Closed","Work Completed","CAT 1","The PARQ - West Wing","Fl 2 Food Court","Fire Alarm System","FAS Loop Supervisory Fault","Forward Security","No","Failed","Passed"
"TPQ-2026-00333","2026/01/17 03:30:21","2026/01/17 10:04:21","Closed","Work Completed","CAT 1","The PARQ - East Wing","Fl 2 Food Court","Electrical & Power","UPS Battery Temperature Alert","IOT Service Bot","Yes","Failed","Passed"
"TPQ-2026-00334","2026/09/09 16:22:35","","In progress","Technician Dispatched","CAT 3","Central Plant Room","Rooftop Chiller Plant","Electrical & Power","Main Switchboard Voltage Fluctuation","JLL Engineering","No","","Passed"
"TPQ-2026-00335","2026/08/25 14:15:43","2026/08/25 14:51:43","Closed","Work Completed","CAT 2","The PARQ - East Wing","Fl 2 Food Court","Security & Access","Door Forced Open Alarm","IOT Service Bot","No","Passed","Failed"
"TPQ-2026-00336","2026/06/04 23:03:29","","Open","Pending Dispatch","CAT 1","The PARQ - East Wing","Fl 4 Office Hub","Fire Alarm System","FAS Loop Supervisory Fault","IOT Service Bot","Yes","","Passed"
"TPQ-2026-00337","2026/05/27 17:19:03","2026/05/28 00:43:03","Closed","Work Completed","CAT 1","The PARQ - East Wing","Fl 2 Food Court","IoT Environmental","Restroom Odor Level Exceeded","ConnectX Integration","Yes","Failed","Passed"
"TPQ-2026-00338","2026/04/13 13:15:00","2026/04/13 16:32:00","Closed","Work Completed","CAT 2","The PARQ - West Wing","Fl 2 Food Court","Fire Alarm System","FAS Device Disabled - Maintenance","JLL Engineering","No","Passed","Passed"
"TPQ-2026-00339","2026/02/11 21:42:19","2026/02/12 00:29:19","Closed","Work Completed","CAT 3","The PARQ - West Wing","B1 Parking Bay 14","Water & Plumbing","Grease Trap High Level Warning","JLL Engineering","No","Passed","Passed"
"TPQ-2026-00340","2026/07/04 21:37:43","2026/07/05 03:34:43","Closed","Work Completed","CAT 1","Central Plant Room","Fl 10 Tech Center","Security & Access","CCTV Virtual Line-crossing","IOT Service Bot","No","Failed","Passed"
"TPQ-2026-00341","2026/03/08 08:33:16","2026/03/08 15:18:16","Closed","Work Completed","CAT 3","The PARQ - West Wing","Fl 8 Restroom Zone","Fire Alarm System","FAS Loop Supervisory Fault","Senses Automation","Yes","Failed","Failed"
"TPQ-2026-00342","2026/02/16 10:16:36","2026/02/16 17:54:36","Closed","Work Completed","CAT 3","The PARQ - West Wing","B1 Parking Bay 14","Fire Alarm System","FAS Device Disabled - Maintenance","Forward Security","Yes","Failed","Passed"
"TPQ-2026-00343","2026/03/03 05:02:48","2026/03/03 12:08:48","Closed","Work Completed","CAT 1","The PARQ - East Wing","Fl 2 Food Court","BMS & HVAC","Exhaust Fan Variable Speed Drive Alarm","ConnectX Integration","Yes","Failed","Passed"
"TPQ-2026-00344","2026/05/05 19:10:40","2026/05/06 18:06:40","Closed","Work Completed","CAT 1","Basement Parking","Fl 2 Food Court","BMS & HVAC","Air Handling Unit (AHU) High Temp","JLL Engineering","No","Failed","Passed"
"TPQ-2026-00345","2026/07/19 18:28:53","2026/07/20 00:06:53","Closed","Work Completed","CAT 1","Central Plant Room","B1 Parking Bay 14","IoT Environmental","Car Park Carbon Monoxide Spike","JLL Engineering","No","Failed","Passed"
"TPQ-2026-00346","2026/08/10 19:05:22","","In progress","Technician Dispatched","CAT 3","Central Plant Room","Fl 8 Restroom Zone","Fire Alarm System","FAS Loop Supervisory Fault","Forward Security","No","","Passed"
"TPQ-2026-00347","2026/03/11 17:09:25","2026/03/11 20:21:25","Closed","Work Completed","CAT 1","Basement Parking","Loading Dock Zone B","IoT Environmental","Server Room Humidity Anomaly","Forward Security","No","Passed","Passed"
"TPQ-2026-00348","2026/06/02 09:51:40","2026/06/02 17:37:40","Closed","Work Completed","CAT 3","The PARQ - West Wing","Fl 2 Food Court","Fire Alarm System","Manual Call Point Triggered","Veolia Water Mgmt","No","Failed","Passed"
"TPQ-2026-00349","2026/08/24 18:11:58","","Open","Pending Dispatch","CAT 3","Retail Podium","Fl 2 Food Court","IoT Environmental","Car Park Carbon Monoxide Spike","Veolia Water Mgmt","No","","Passed"
"TPQ-2026-00350","2026/09/16 11:11:02","2026/09/16 16:19:02","Closed","Work Completed","CAT 2","Retail Podium","Main Lobby","Electrical & Power","Lighting Automation Relay Trip","Veolia Water Mgmt","No","Failed","Passed"
"TPQ-2026-00351","2026/05/07 17:33:33","2026/05/08 01:17:33","Closed","Work Completed","CAT 3","Retail Podium","B1 Parking Bay 14","IoT Environmental","Car Park Carbon Monoxide Spike","Senses Automation","No","Failed","Passed"
"TPQ-2026-00352","2026/01/08 20:21:29","2026/01/09 01:25:29","Closed","Work Completed","CAT 1","Retail Podium","Fl 2 Food Court","IoT Environmental","Server Room Humidity Anomaly","Senses Automation","Yes","Failed","Passed"
"TPQ-2026-00353","2026/05/02 07:52:24","2026/05/02 09:03:24","Closed","Work Completed","CAT 3","Basement Parking","Main Lobby","Fire Alarm System","FAS Loop Supervisory Fault","JLL Engineering","Yes","Passed","Passed"
"TPQ-2026-00354","2026/03/03 22:21:40","2026/03/04 00:06:40","Closed","Work Completed","CAT 1","The PARQ - West Wing","Fl 8 Restroom Zone","BMS & HVAC","Air Handling Unit (AHU) High Temp","JLL Engineering","Yes","Passed","Passed"
"TPQ-2026-00355","2026/01/23 04:55:21","2026/01/23 07:55:21","Closed","Work Completed","CAT 2","Retail Podium","B1 Parking Bay 14","Fire Alarm System","FAS Loop Supervisory Fault","Senses Automation","No","Passed","Passed"
"TPQ-2026-00356","2026/07/03 01:31:21","2026/07/03 03:49:21","Closed","Work Completed","CAT 2","The PARQ - East Wing","Fl 10 Tech Center","Security & Access","Door Forced Open Alarm","JLL Engineering","No","Passed","Passed"
"TPQ-2026-00357","2026/02/23 17:20:43","2026/02/23 23:04:43","Closed","Work Completed","CAT 1","Basement Parking","B1 Parking Bay 14","Fire Alarm System","Manual Call Point Triggered","IOT Service Bot","No","Failed","Failed"
"TPQ-2026-00358","2026/06/01 13:06:23","2026/06/01 15:22:23","Closed","Work Completed","CAT 1","The PARQ - West Wing","Rooftop Chiller Plant","IoT Environmental","Server Room Humidity Anomaly","JLL Engineering","No","Passed","Passed"
"TPQ-2026-00359","2026/08/12 07:32:11","2026/08/12 13:58:11","Closed","Work Completed","CAT 1","The PARQ - East Wing","Rooftop Chiller Plant","Water & Plumbing","Domestic Water Booster Pump Trip","IOT Service Bot","No","Failed","Passed"
"TPQ-2026-00360","2026/01/21 15:15:05","2026/01/21 20:00:05","Closed","Work Completed","CAT 3","Central Plant Room","Fl 2 Food Court","IoT Environmental","Car Park Carbon Monoxide Spike","IOT Service Bot","No","Failed","Passed"
"TPQ-2026-00361","2026/03/10 15:17:24","","Open","Pending Dispatch","CAT 3","Retail Podium","Rooftop Chiller Plant","BMS & HVAC","Chilled Water Differential Pressure Alert","ConnectX Integration","No","","Passed"
"TPQ-2026-00362","2026/05/21 21:18:32","2026/05/22 03:25:32","Closed","Work Completed","CAT 2","Retail Podium","Rooftop Chiller Plant","Electrical & Power","Power Quality Harmonic Warning","ConnectX Integration","No","Failed","Failed"
"TPQ-2026-00363","2026/02/25 13:36:27","2026/02/25 18:22:27","Closed","Work Completed","CAT 1","Basement Parking","Main Lobby","IoT Environmental","Indoor Air Quality CO2 Surge","Senses Automation","No","Failed","Passed"
"TPQ-2026-00364","2026/03/27 09:52:41","2026/03/28 19:56:41","Closed","Work Completed","CAT 1","Basement Parking","B1 Parking Bay 14","Electrical & Power","Power Quality Harmonic Warning","Veolia Water Mgmt","No","Failed","Passed"
"TPQ-2026-00365","2026/01/15 04:30:11","2026/01/15 05:21:11","Closed","Work Completed","CAT 1","Basement Parking","Fl 4 Office Hub","Water & Plumbing","Water Leakage Sensor Triggered","Veolia Water Mgmt","No","Passed","Passed"
"TPQ-2026-00366","2026/06/03 19:47:05","2026/06/03 22:58:05","Closed","Work Completed","CAT 3","Central Plant Room","Fl 10 Tech Center","Security & Access","CCTV Virtual Line-crossing","Senses Automation","No","Passed","Passed"
"TPQ-2026-00367","2026/08/11 13:07:36","2026/08/12 08:55:36","Closed","Work Completed","CAT 2","Central Plant Room","Fl 2 Food Court","IoT Environmental","Indoor Air Quality CO2 Surge","Senses Automation","No","Failed","Passed"
"TPQ-2026-00368","2026/09/11 22:51:29","2026/09/11 23:18:29","Closed","Work Completed","CAT 3","The PARQ - West Wing","Fl 2 Food Court","BMS & HVAC","Chilled Water Differential Pressure Alert","Veolia Water Mgmt","Yes","Passed","Passed"
"TPQ-2026-00369","2026/06/27 16:26:44","2026/06/27 23:32:44","Closed","Work Completed","CAT 3","Central Plant Room","Fl 10 Tech Center","IoT Environmental","Restroom Odor Level Exceeded","ConnectX Integration","No","Failed","Passed"
"TPQ-2026-00370","2026/09/26 11:25:42","2026/09/26 13:15:42","Closed","Work Completed","CAT 2","The PARQ - East Wing","B1 Parking Bay 14","Security & Access","Door Forced Open Alarm","Veolia Water Mgmt","No","Passed","Passed"
"TPQ-2026-00371","2026/03/08 03:04:34","2026/03/08 06:58:34","Closed","Work Completed","CAT 1","Basement Parking","Fl 4 Office Hub","IoT Environmental","Server Room Humidity Anomaly","Forward Security","No","Passed","Passed"
"TPQ-2026-00372","2026/09/27 08:08:47","2026/09/27 14:37:47","Closed","Work Completed","CAT 1","Basement Parking","Fl 8 Restroom Zone","Electrical & Power","Main Switchboard Voltage Fluctuation","ConnectX Integration","No","Failed","Passed"
"TPQ-2026-00373","2026/04/26 22:37:08","2026/04/27 04:51:08","Closed","Work Completed","CAT 2","Basement Parking","B1 Parking Bay 14","Security & Access","Door Forced Open Alarm","Veolia Water Mgmt","No","Failed","Passed"
"TPQ-2026-00374","2026/04/13 14:15:18","2026/04/13 15:50:18","Closed","Work Completed","CAT 2","The PARQ - West Wing","Loading Dock Zone B","Water & Plumbing","Water Leakage Sensor Triggered","IOT Service Bot","No","Passed","Passed"
"TPQ-2026-00375","2026/03/24 12:33:08","","In progress","Technician Dispatched","CAT 3","The PARQ - West Wing","Fl 8 Restroom Zone","Security & Access","Unauthorized Perimeter Loitering","Veolia Water Mgmt","No","","Passed"
"TPQ-2026-00376","2026/02/03 22:37:21","2026/02/04 04:55:21","Closed","Work Completed","CAT 2","Central Plant Room","B1 Parking Bay 14","Water & Plumbing","Sump Pump High Water Level","Veolia Water Mgmt","No","Failed","Passed"
"TPQ-2026-00377","2026/08/25 23:27:56","2026/08/26 04:11:56","Closed","Work Completed","CAT 1","The PARQ - East Wing","Fl 8 Restroom Zone","Electrical & Power","UPS Battery Temperature Alert","ConnectX Integration","No","Failed","Passed"
"TPQ-2026-00378","2026/03/11 07:49:15","2026/03/11 12:43:15","Closed","Work Completed","CAT 1","The PARQ - West Wing","Fl 10 Tech Center","Electrical & Power","Lighting Automation Relay Trip","Forward Security","Yes","Failed","Passed"
"TPQ-2026-00379","2026/01/08 23:07:33","2026/01/09 05:50:33","Closed","Work Completed","CAT 1","The PARQ - West Wing","Fl 4 Office Hub","Water & Plumbing","Water Leakage Sensor Triggered","Forward Security","Yes","Failed","Passed"
"TPQ-2026-00380","2026/06/20 09:25:52","2026/06/20 15:31:52","Closed","Work Completed","CAT 2","Central Plant Room","B1 Parking Bay 14","Fire Alarm System","FAS Device Disabled - Maintenance","Veolia Water Mgmt","Yes","Failed","Passed"
"TPQ-2026-00381","2026/06/05 16:18:16","2026/06/05 23:05:16","Closed","Work Completed","CAT 3","The PARQ - East Wing","B1 Parking Bay 14","Water & Plumbing","Sump Pump High Water Level","JLL Engineering","Yes","Failed","Passed"
"TPQ-2026-00382","2026/07/02 04:53:44","2026/07/02 08:53:44","Closed","Work Completed","CAT 3","The PARQ - West Wing","Fl 4 Office Hub","Fire Alarm System","FAS Device Disabled - Maintenance","JLL Engineering","No","Passed","Passed"
"TPQ-2026-00383","2026/04/21 01:40:01","2026/04/21 09:00:01","Closed","Work Completed","CAT 1","Retail Podium","Rooftop Chiller Plant","Electrical & Power","Power Quality Harmonic Warning","Senses Automation","No","Failed","Failed"
"TPQ-2026-00384","2026/04/17 07:41:01","","Open","Pending Dispatch","CAT 1","The PARQ - East Wing","Loading Dock Zone B","Fire Alarm System","Manual Call Point Triggered","Senses Automation","No","","Passed"
"TPQ-2026-00385","2026/02/16 21:02:07","2026/02/17 01:24:07","Closed","Work Completed","CAT 2","The PARQ - East Wing","Main Lobby","Security & Access","Access Control Reader Tamper","Senses Automation","Yes","Failed","Passed"
"TPQ-2026-00386","2026/03/05 07:27:54","2026/03/05 13:08:54","Closed","Work Completed","CAT 3","Central Plant Room","Fl 10 Tech Center","Security & Access","Unauthorized Perimeter Loitering","JLL Engineering","No","Failed","Passed"
"TPQ-2026-00387","2026/09/15 21:14:01","2026/09/16 00:34:01","Closed","Work Completed","CAT 2","Basement Parking","Fl 8 Restroom Zone","Security & Access","Unauthorized Perimeter Loitering","ConnectX Integration","No","Passed","Passed"
"TPQ-2026-00388","2026/05/25 21:58:54","","Acknowledged","Assigned to Ops","CAT 1","Retail Podium","Fl 10 Tech Center","Water & Plumbing","Grease Trap High Level Warning","JLL Engineering","No","","Failed"
"TPQ-2026-00389","2026/09/17 06:29:00","2026/09/17 09:33:00","Closed","Work Completed","CAT 2","Retail Podium","Fl 8 Restroom Zone","Fire Alarm System","FAS Device Disabled - Maintenance","Senses Automation","Yes","Passed","Passed"
"TPQ-2026-00390","2026/06/27 09:17:50","2026/06/27 17:12:50","Closed","Work Completed","CAT 2","Retail Podium","Loading Dock Zone B","Electrical & Power","Lighting Automation Relay Trip","Veolia Water Mgmt","No","Failed","Passed"
"TPQ-2026-00391","2026/06/06 16:49:07","2026/06/06 19:13:07","Closed","Work Completed","CAT 1","The PARQ - East Wing","B1 Parking Bay 14","Fire Alarm System","FAS Device Disabled - Maintenance","IOT Service Bot","Yes","Passed","Passed"
"TPQ-2026-00392","2026/04/17 14:07:23","2026/04/17 14:56:23","Closed","Work Completed","CAT 2","The PARQ - East Wing","Loading Dock Zone B","Security & Access","Access Control Reader Tamper","Forward Security","Yes","Passed","Passed"
"TPQ-2026-00393","2026/05/22 04:10:29","2026/05/22 19:38:29","Closed","Work Completed","CAT 1","The PARQ - East Wing","Fl 10 Tech Center","Fire Alarm System","Smoke Detector Activation - Optical","IOT Service Bot","No","Failed","Passed"
"TPQ-2026-00394","2026/03/03 09:51:40","","Acknowledged","Assigned to Ops","CAT 1","Basement Parking","Main Lobby","BMS & HVAC","VAV Box Temperature Deviation","Forward Security","No","","Failed"
"TPQ-2026-00395","2026/01/04 03:31:59","2026/01/04 08:46:59","Closed","Work Completed","CAT 1","Central Plant Room","B1 Parking Bay 14","IoT Environmental","Server Room Humidity Anomaly","ConnectX Integration","No","Failed","Passed"
"TPQ-2026-00396","2026/07/21 22:49:37","2026/07/23 18:33:37","Closed","Work Completed","CAT 2","Central Plant Room","B1 Parking Bay 14","Water & Plumbing","Sump Pump High Water Level","Senses Automation","No","Failed","Passed"
"TPQ-2026-00397","2026/05/11 11:52:37","2026/05/11 15:52:37","Closed","Work Completed","CAT 1","Retail Podium","B1 Parking Bay 14","Security & Access","CCTV Virtual Line-crossing","JLL Engineering","Yes","Passed","Passed"
"TPQ-2026-00398","2026/01/17 08:52:06","2026/01/17 16:22:06","Closed","Work Completed","CAT 3","Central Plant Room","B1 Parking Bay 14","Electrical & Power","Power Quality Harmonic Warning","Senses Automation","No","Failed","Passed"
"TPQ-2026-00399","2026/03/15 04:43:57","2026/03/15 12:33:57","Closed","Work Completed","CAT 2","Central Plant Room","Fl 10 Tech Center","Electrical & Power","UPS Battery Temperature Alert","Senses Automation","No","Failed","Passed"
"TPQ-2026-00400","2026/09/16 13:25:32","2026/09/16 13:37:32","Closed","Work Completed","CAT 2","Retail Podium","Rooftop Chiller Plant","Water & Plumbing","Sump Pump High Water Level","ConnectX Integration","Yes","Passed","Passed"
"TPQ-2026-00401","2026/08/19 03:57:10","2026/08/20 22:10:10","Closed","Work Completed","CAT 1","The PARQ - East Wing","Fl 8 Restroom Zone","Electrical & Power","Main Switchboard Voltage Fluctuation","IOT Service Bot","No","Failed","Passed"
"TPQ-2026-00402","2026/09/24 09:37:51","2026/09/24 15:23:51","Closed","Work Completed","CAT 2","The PARQ - East Wing","Main Lobby","Water & Plumbing","Water Leakage Sensor Triggered","Senses Automation","No","Failed","Passed"
"TPQ-2026-00403","2026/03/05 07:17:49","2026/03/05 11:56:49","Closed","Work Completed","CAT 1","The PARQ - West Wing","Rooftop Chiller Plant","Security & Access","CCTV Virtual Line-crossing","Forward Security","No","Failed","Passed"
"TPQ-2026-00404","2026/07/25 01:29:11","2026/07/25 09:02:11","Closed","Work Completed","CAT 2","Retail Podium","Fl 4 Office Hub","BMS & HVAC","VAV Box Temperature Deviation","Veolia Water Mgmt","No","Failed","Passed"
"TPQ-2026-00405","2026/05/02 08:51:33","2026/05/02 16:46:33","Closed","Work Completed","CAT 1","The PARQ - West Wing","Fl 10 Tech Center","Fire Alarm System","Manual Call Point Triggered","JLL Engineering","No","Failed","Passed"
"TPQ-2026-00406","2026/08/18 17:50:53","","Open","Pending Dispatch","CAT 1","Basement Parking","Fl 2 Food Court","Water & Plumbing","Domestic Water Booster Pump Trip","Veolia Water Mgmt","No","","Passed"
"TPQ-2026-00407","2026/08/03 14:40:31","2026/08/03 15:26:31","Closed","Work Completed","CAT 3","The PARQ - East Wing","Fl 4 Office Hub","Fire Alarm System","Manual Call Point Triggered","Senses Automation","No","Passed","Passed"
"TPQ-2026-00408","2026/01/06 21:42:19","2026/01/07 04:02:19","Closed","Work Completed","CAT 2","Basement Parking","Rooftop Chiller Plant","Electrical & Power","Power Quality Harmonic Warning","IOT Service Bot","Yes","Failed","Passed"
"TPQ-2026-00409","2026/03/23 09:51:23","2026/03/23 10:57:23","Closed","Work Completed","CAT 2","The PARQ - East Wing","B1 Parking Bay 14","IoT Environmental","Indoor Air Quality CO2 Surge","IOT Service Bot","No","Passed","Passed"
"TPQ-2026-00410","2026/02/06 04:48:15","","Open","Pending Dispatch","CAT 1","Central Plant Room","Fl 4 Office Hub","Security & Access","CCTV Virtual Line-crossing","Forward Security","Yes","","Failed"
"TPQ-2026-00411","2026/08/17 15:23:16","2026/08/17 22:21:16","Closed","Work Completed","CAT 3","The PARQ - East Wing","Fl 10 Tech Center","Electrical & Power","UPS Battery Temperature Alert","JLL Engineering","No","Failed","Passed"
"TPQ-2026-00412","2026/01/01 02:30:35","2026/01/01 13:58:35","Closed","Work Completed","CAT 2","Central Plant Room","Fl 8 Restroom Zone","Water & Plumbing","Grease Trap High Level Warning","Veolia Water Mgmt","No","Failed","Passed"
"TPQ-2026-00413","2026/01/24 01:28:57","2026/01/24 04:22:57","Closed","Work Completed","CAT 2","The PARQ - East Wing","Fl 4 Office Hub","IoT Environmental","Server Room Humidity Anomaly","IOT Service Bot","No","Passed","Passed"
"TPQ-2026-00414","2026/05/05 00:54:23","2026/05/05 04:12:23","Closed","Work Completed","CAT 2","Basement Parking","Fl 10 Tech Center","Security & Access","Access Control Reader Tamper","Forward Security","Yes","Passed","Passed"
"TPQ-2026-00415","2026/08/01 19:26:18","2026/08/01 21:00:18","Closed","Work Completed","CAT 2","Central Plant Room","Fl 8 Restroom Zone","Water & Plumbing","Water Leakage Sensor Triggered","IOT Service Bot","No","Passed","Passed"
"TPQ-2026-00416","2026/09/28 22:52:01","","Acknowledged","Assigned to Ops","CAT 3","The PARQ - West Wing","Fl 2 Food Court","Water & Plumbing","Water Leakage Sensor Triggered","Senses Automation","No","","Passed"
"TPQ-2026-00417","2026/03/19 13:37:19","2026/03/19 20:53:19","Closed","Work Completed","CAT 1","Retail Podium","Rooftop Chiller Plant","IoT Environmental","Indoor Air Quality CO2 Surge","JLL Engineering","No","Failed","Failed"
"TPQ-2026-00418","2026/03/18 19:27:24","2026/03/19 03:26:24","Closed","Work Completed","CAT 2","The PARQ - East Wing","Main Lobby","Electrical & Power","Power Quality Harmonic Warning","JLL Engineering","Yes","Failed","Passed"
"TPQ-2026-00419","2026/05/24 07:04:37","2026/05/24 13:41:37","Closed","Work Completed","CAT 2","The PARQ - West Wing","Fl 10 Tech Center","Security & Access","Unauthorized Perimeter Loitering","ConnectX Integration","Yes","Failed","Passed"
"TPQ-2026-00420","2026/03/22 09:29:55","2026/03/22 15:53:55","Closed","Work Completed","CAT 3","Retail Podium","Fl 10 Tech Center","Security & Access","CCTV Virtual Line-crossing","IOT Service Bot","Yes","Failed","Passed"
"TPQ-2026-00421","2026/01/04 21:03:55","2026/01/05 16:18:55","Closed","Work Completed","CAT 2","Retail Podium","Fl 10 Tech Center","Electrical & Power","Power Quality Harmonic Warning","IOT Service Bot","No","Failed","Failed"
"TPQ-2026-00422","2026/05/01 05:53:31","2026/05/01 10:23:31","Closed","Work Completed","CAT 1","Basement Parking","Loading Dock Zone B","Water & Plumbing","Grease Trap High Level Warning","Senses Automation","Yes","Failed","Failed"
"TPQ-2026-00423","2026/03/24 16:53:03","","Open","Pending Dispatch","CAT 2","Central Plant Room","Loading Dock Zone B","Water & Plumbing","Sump Pump High Water Level","Veolia Water Mgmt","No","","Passed"
"TPQ-2026-00424","2026/03/28 10:17:49","","In progress","Technician Dispatched","CAT 2","Retail Podium","Loading Dock Zone B","IoT Environmental","Restroom Odor Level Exceeded","JLL Engineering","Yes","","Passed"
"TPQ-2026-00425","2026/02/27 15:49:02","2026/02/27 16:05:02","Closed","Work Completed","CAT 3","The PARQ - East Wing","Fl 10 Tech Center","IoT Environmental","Server Room Humidity Anomaly","IOT Service Bot","No","Passed","Passed"
"TPQ-2026-00426","2026/03/24 14:54:52","2026/03/24 21:04:52","Closed","Work Completed","CAT 2","The PARQ - East Wing","Fl 10 Tech Center","Water & Plumbing","Water Leakage Sensor Triggered","JLL Engineering","No","Failed","Passed"
"TPQ-2026-00427","2026/01/08 12:30:24","2026/01/08 13:51:24","Closed","Work Completed","CAT 2","Retail Podium","Main Lobby","BMS & HVAC","Air Handling Unit (AHU) High Temp","Forward Security","No","Passed","Passed"
"TPQ-2026-00428","2026/03/12 02:13:58","2026/03/12 08:50:58","Closed","Work Completed","CAT 3","The PARQ - East Wing","Main Lobby","Electrical & Power","Power Quality Harmonic Warning","ConnectX Integration","No","Failed","Passed"
"TPQ-2026-00429","2026/04/26 10:45:15","2026/04/26 15:12:15","Closed","Work Completed","CAT 1","Central Plant Room","Fl 10 Tech Center","IoT Environmental","Restroom Odor Level Exceeded","JLL Engineering","Yes","Failed","Failed"
"TPQ-2026-00430","2026/08/19 11:21:31","2026/08/19 15:41:31","Closed","Work Completed","CAT 3","The PARQ - East Wing","Rooftop Chiller Plant","Electrical & Power","Power Quality Harmonic Warning","IOT Service Bot","No","Failed","Passed"
"TPQ-2026-00431","2026/07/11 13:14:20","2026/07/11 18:37:20","Closed","Work Completed","CAT 2","The PARQ - East Wing","Fl 4 Office Hub","BMS & HVAC","Chilled Water Differential Pressure Alert","Senses Automation","No","Failed","Passed"
"TPQ-2026-00432","2026/05/25 03:08:20","2026/05/25 06:20:20","Closed","Work Completed","CAT 1","Retail Podium","Fl 4 Office Hub","Electrical & Power","Lighting Automation Relay Trip","Senses Automation","No","Passed","Passed"
"TPQ-2026-00433","2026/04/11 06:10:47","2026/04/11 09:39:47","Closed","Work Completed","CAT 1","The PARQ - West Wing","Fl 2 Food Court","Security & Access","Access Control Reader Tamper","IOT Service Bot","No","Passed","Passed"
"TPQ-2026-00434","2026/09/14 08:38:53","","Open","Pending Dispatch","CAT 1","Basement Parking","Main Lobby","Fire Alarm System","Manual Call Point Triggered","JLL Engineering","No","","Passed"
"TPQ-2026-00435","2026/07/28 16:35:17","2026/07/28 23:52:17","Closed","Work Completed","CAT 3","Retail Podium","Fl 10 Tech Center","Fire Alarm System","Smoke Detector Activation - Optical","JLL Engineering","Yes","Failed","Passed"
"TPQ-2026-00436","2026/02/25 13:52:54","2026/02/25 19:37:54","Closed","Work Completed","CAT 2","Central Plant Room","Fl 10 Tech Center","Water & Plumbing","Domestic Water Booster Pump Trip","Forward Security","Yes","Failed","Passed"
"TPQ-2026-00437","2026/06/22 13:14:44","2026/06/22 13:42:44","Closed","Work Completed","CAT 2","The PARQ - East Wing","Fl 8 Restroom Zone","IoT Environmental","Indoor Air Quality CO2 Surge","Forward Security","Yes","Passed","Passed"
"TPQ-2026-00438","2026/02/01 22:09:39","2026/02/01 22:35:39","Closed","Work Completed","CAT 3","Retail Podium","B1 Parking Bay 14","Security & Access","Unauthorized Perimeter Loitering","Veolia Water Mgmt","No","Passed","Passed"
"TPQ-2026-00439","2026/04/22 07:08:07","2026/04/22 11:38:07","Closed","Work Completed","CAT 1","Central Plant Room","Main Lobby","IoT Environmental","Restroom Odor Level Exceeded","IOT Service Bot","Yes","Failed","Passed"
"TPQ-2026-00440","2026/03/14 07:42:38","2026/03/14 11:32:38","Closed","Work Completed","CAT 3","Central Plant Room","Fl 4 Office Hub","Fire Alarm System","Smoke Detector Activation - Optical","Forward Security","No","Passed","Passed"
"TPQ-2026-00441","2026/01/09 01:15:20","2026/01/09 05:12:20","Closed","Work Completed","CAT 2","The PARQ - East Wing","Main Lobby","BMS & HVAC","VAV Box Temperature Deviation","JLL Engineering","No","Passed","Passed"
"TPQ-2026-00442","2026/01/20 04:33:32","2026/01/20 07:21:32","Closed","Work Completed","CAT 1","Central Plant Room","B1 Parking Bay 14","Water & Plumbing","Domestic Water Booster Pump Trip","IOT Service Bot","No","Passed","Passed"
"TPQ-2026-00443","2026/04/16 21:14:04","2026/04/16 22:22:04","Closed","Work Completed","CAT 1","Basement Parking","Fl 8 Restroom Zone","Fire Alarm System","FAS Loop Supervisory Fault","Senses Automation","No","Passed","Passed"
"TPQ-2026-00444","2026/09/19 21:45:33","2026/09/20 00:37:33","Closed","Work Completed","CAT 3","Central Plant Room","Main Lobby","Fire Alarm System","FAS Device Disabled - Maintenance","Senses Automation","Yes","Passed","Passed"
"TPQ-2026-00445","2026/06/13 20:56:51","2026/06/13 22:05:51","Closed","Work Completed","CAT 1","Retail Podium","Loading Dock Zone B","Security & Access","CCTV Virtual Line-crossing","IOT Service Bot","Yes","Passed","Passed"
"TPQ-2026-00446","2026/02/25 05:40:29","2026/02/25 10:59:29","Closed","Work Completed","CAT 2","Central Plant Room","B1 Parking Bay 14","Security & Access","Door Forced Open Alarm","Forward Security","No","Failed","Passed"
"TPQ-2026-00447","2026/06/21 00:40:22","2026/06/21 04:57:22","Closed","Work Completed","CAT 3","The PARQ - East Wing","Fl 8 Restroom Zone","BMS & HVAC","Chilled Water Differential Pressure Alert","IOT Service Bot","No","Failed","Passed"
"TPQ-2026-00448","2026/04/22 17:27:32","2026/04/22 19:57:32","Closed","Work Completed","CAT 2","Central Plant Room","Fl 4 Office Hub","Electrical & Power","Power Quality Harmonic Warning","JLL Engineering","Yes","Passed","Passed"
"TPQ-2026-00449","2026/09/07 14:23:57","","Acknowledged","Assigned to Ops","CAT 1","Basement Parking","Rooftop Chiller Plant","Water & Plumbing","Grease Trap High Level Warning","JLL Engineering","No","","Passed"
"TPQ-2026-00450","2026/04/05 18:26:53","2026/04/05 21:27:53","Closed","Work Completed","CAT 1","The PARQ - West Wing","Main Lobby","IoT Environmental","Car Park Carbon Monoxide Spike","Forward Security","No","Passed","Passed"
"TPQ-2026-00451","2026/03/20 18:13:17","2026/03/20 21:44:17","Closed","Work Completed","CAT 3","Basement Parking","B1 Parking Bay 14","IoT Environmental","Restroom Odor Level Exceeded","Forward Security","No","Passed","Passed"
"TPQ-2026-00452","2026/07/20 04:43:32","2026/07/20 11:07:32","Closed","Work Completed","CAT 3","Central Plant Room","Loading Dock Zone B","Security & Access","Unauthorized Perimeter Loitering","Forward Security","No","Failed","Passed"
"TPQ-2026-00453","2026/09/08 21:19:08","2026/09/10 13:23:08","Closed","Work Completed","CAT 1","The PARQ - East Wing","Main Lobby","Water & Plumbing","Water Leakage Sensor Triggered","Forward Security","No","Failed","Passed"
"TPQ-2026-00454","2026/02/26 15:38:47","2026/02/28 11:30:47","Closed","Work Completed","CAT 1","Central Plant Room","Loading Dock Zone B","IoT Environmental","Restroom Odor Level Exceeded","Senses Automation","Yes","Failed","Passed"
"TPQ-2026-00455","2026/01/05 22:27:50","2026/01/06 03:34:50","Closed","Work Completed","CAT 3","The PARQ - East Wing","Loading Dock Zone B","Security & Access","Access Control Reader Tamper","ConnectX Integration","Yes","Failed","Passed"
"TPQ-2026-00456","2026/03/18 12:45:16","2026/03/18 18:43:16","Closed","Work Completed","CAT 3","Retail Podium","Fl 8 Restroom Zone","IoT Environmental","Car Park Carbon Monoxide Spike","Senses Automation","No","Failed","Failed"
"TPQ-2026-00457","2026/04/05 23:40:50","2026/04/06 05:18:50","Closed","Work Completed","CAT 3","The PARQ - East Wing","Loading Dock Zone B","Security & Access","Door Forced Open Alarm","ConnectX Integration","No","Failed","Passed"
"TPQ-2026-00458","2026/02/04 16:22:24","2026/02/05 00:01:24","Closed","Work Completed","CAT 3","Central Plant Room","Fl 2 Food Court","Security & Access","Unauthorized Perimeter Loitering","IOT Service Bot","No","Failed","Passed"
"TPQ-2026-00459","2026/06/16 15:28:57","2026/06/16 18:32:57","Closed","Work Completed","CAT 3","Retail Podium","B1 Parking Bay 14","BMS & HVAC","Chilled Water Differential Pressure Alert","IOT Service Bot","No","Passed","Passed"
"TPQ-2026-00460","2026/09/13 13:36:03","2026/09/13 19:49:03","Closed","Work Completed","CAT 2","Retail Podium","B1 Parking Bay 14","Fire Alarm System","FAS Loop Supervisory Fault","JLL Engineering","No","Failed","Passed"
"TPQ-2026-00461","2026/02/17 02:08:11","","Open","Pending Dispatch","CAT 1","Basement Parking","Fl 10 Tech Center","Security & Access","Door Forced Open Alarm","JLL Engineering","No","","Passed"
"TPQ-2026-00462","2026/09/20 05:41:30","","Acknowledged","Assigned to Ops","CAT 1","The PARQ - East Wing","Fl 4 Office Hub","BMS & HVAC","VAV Box Temperature Deviation","Veolia Water Mgmt","No","","Failed"
"TPQ-2026-00463","2026/08/17 02:48:34","2026/08/17 09:39:34","Closed","Work Completed","CAT 1","Basement Parking","Fl 8 Restroom Zone","Security & Access","CCTV Virtual Line-crossing","JLL Engineering","No","Failed","Passed"
"TPQ-2026-00464","2026/05/09 16:36:41","","In progress","Technician Dispatched","CAT 2","Basement Parking","Fl 8 Restroom Zone","Fire Alarm System","FAS Device Disabled - Maintenance","IOT Service Bot","No","","Passed"
"TPQ-2026-00465","2026/05/20 18:18:30","2026/05/20 22:47:30","Closed","Work Completed","CAT 1","Retail Podium","Main Lobby","Electrical & Power","UPS Battery Temperature Alert","Veolia Water Mgmt","No","Failed","Passed"
"TPQ-2026-00466","2026/03/15 02:38:50","2026/03/15 04:07:50","Closed","Work Completed","CAT 2","The PARQ - West Wing","B1 Parking Bay 14","Water & Plumbing","Sump Pump High Water Level","ConnectX Integration","No","Passed","Passed"
"TPQ-2026-00467","2026/04/13 13:12:04","2026/04/13 18:22:04","Closed","Work Completed","CAT 1","Basement Parking","Fl 2 Food Court","Fire Alarm System","FAS Loop Supervisory Fault","Veolia Water Mgmt","No","Failed","Passed"
"TPQ-2026-00468","2026/09/15 03:34:14","2026/09/15 08:18:14","Closed","Work Completed","CAT 1","Retail Podium","B1 Parking Bay 14","BMS & HVAC","VAV Box Temperature Deviation","IOT Service Bot","No","Failed","Passed"
"TPQ-2026-00469","2026/07/21 07:05:52","","Open","Pending Dispatch","CAT 2","Basement Parking","Fl 8 Restroom Zone","BMS & HVAC","VAV Box Temperature Deviation","IOT Service Bot","No","","Passed"
"TPQ-2026-00470","2026/05/03 01:18:39","2026/05/03 06:14:39","Closed","Work Completed","CAT 1","The PARQ - East Wing","Fl 4 Office Hub","IoT Environmental","Restroom Odor Level Exceeded","ConnectX Integration","Yes","Failed","Passed"
"TPQ-2026-00471","2026/03/14 18:08:53","","Acknowledged","Assigned to Ops","CAT 2","Retail Podium","Fl 8 Restroom Zone","Fire Alarm System","Smoke Detector Activation - Optical","Veolia Water Mgmt","No","","Passed"
"TPQ-2026-00472","2026/04/23 19:34:50","2026/04/23 23:24:50","Closed","Work Completed","CAT 3","Basement Parking","Fl 4 Office Hub","Fire Alarm System","Manual Call Point Triggered","Senses Automation","No","Passed","Passed"
"TPQ-2026-00473","2026/01/14 04:06:33","2026/01/14 11:52:33","Closed","Work Completed","CAT 2","Basement Parking","Loading Dock Zone B","IoT Environmental","Restroom Odor Level Exceeded","Veolia Water Mgmt","Yes","Failed","Passed"
"TPQ-2026-00474","2026/09/24 16:03:47","2026/09/24 17:52:47","Closed","Work Completed","CAT 3","Basement Parking","Main Lobby","Water & Plumbing","Water Leakage Sensor Triggered","Veolia Water Mgmt","No","Passed","Passed"
"TPQ-2026-00475","2026/02/14 12:35:40","","Acknowledged","Assigned to Ops","CAT 2","The PARQ - East Wing","Rooftop Chiller Plant","Electrical & Power","UPS Battery Temperature Alert","JLL Engineering","No","","Failed"
"TPQ-2026-00476","2026/03/23 12:18:38","2026/03/23 18:21:38","Closed","Work Completed","CAT 2","Retail Podium","Loading Dock Zone B","Water & Plumbing","Sump Pump High Water Level","Senses Automation","No","Failed","Passed"
"TPQ-2026-00477","2026/07/23 23:35:29","2026/07/24 05:41:29","Closed","Work Completed","CAT 2","Retail Podium","Fl 4 Office Hub","IoT Environmental","Car Park Carbon Monoxide Spike","ConnectX Integration","No","Failed","Passed"
"TPQ-2026-00478","2026/07/04 11:05:42","2026/07/04 12:13:42","Closed","Work Completed","CAT 2","Retail Podium","Main Lobby","Electrical & Power","Main Switchboard Voltage Fluctuation","JLL Engineering","No","Passed","Passed"
"TPQ-2026-00479","2026/09/14 21:19:53","","In progress","Technician Dispatched","CAT 1","The PARQ - East Wing","Loading Dock Zone B","BMS & HVAC","Air Handling Unit (AHU) High Temp","JLL Engineering","No","","Passed"
"TPQ-2026-00480","2026/06/05 18:42:37","2026/06/05 22:18:37","Closed","Work Completed","CAT 2","Central Plant Room","Fl 10 Tech Center","Water & Plumbing","Sump Pump High Water Level","ConnectX Integration","No","Passed","Passed"
"TPQ-2026-00481","2026/06/03 01:37:16","","Acknowledged","Assigned to Ops","CAT 2","Central Plant Room","Rooftop Chiller Plant","BMS & HVAC","VAV Box Temperature Deviation","Forward Security","No","","Passed"
"TPQ-2026-00482","2026/01/26 09:56:11","","Acknowledged","Assigned to Ops","CAT 2","Central Plant Room","Rooftop Chiller Plant","BMS & HVAC","Exhaust Fan Variable Speed Drive Alarm","ConnectX Integration","No","","Passed"
"TPQ-2026-00483","2026/07/12 11:37:36","2026/07/12 14:11:36","Closed","Work Completed","CAT 2","The PARQ - East Wing","Rooftop Chiller Plant","Electrical & Power","Main Switchboard Voltage Fluctuation","JLL Engineering","No","Passed","Passed"
"TPQ-2026-00484","2026/02/04 07:18:58","2026/02/04 07:32:58","Closed","Work Completed","CAT 1","The PARQ - West Wing","Fl 4 Office Hub","Water & Plumbing","Domestic Water Booster Pump Trip","Forward Security","No","Passed","Passed"
"TPQ-2026-00485","2026/04/27 03:58:37","2026/04/27 10:31:37","Closed","Work Completed","CAT 1","The PARQ - West Wing","Main Lobby","Water & Plumbing","Water Leakage Sensor Triggered","Veolia Water Mgmt","Yes","Failed","Passed"
"TPQ-2026-00486","2026/07/10 10:56:27","2026/07/10 16:44:27","Closed","Work Completed","CAT 2","Basement Parking","Main Lobby","IoT Environmental","Restroom Odor Level Exceeded","Senses Automation","No","Failed","Passed"
"TPQ-2026-00487","2026/07/11 11:21:32","2026/07/11 11:36:32","Closed","Work Completed","CAT 2","The PARQ - East Wing","Fl 4 Office Hub","Security & Access","Access Control Reader Tamper","JLL Engineering","Yes","Passed","Passed"
"TPQ-2026-00488","2026/04/03 20:39:12","2026/04/04 00:33:12","Closed","Work Completed","CAT 1","The PARQ - West Wing","Rooftop Chiller Plant","BMS & HVAC","Exhaust Fan Variable Speed Drive Alarm","IOT Service Bot","No","Passed","Passed"
"TPQ-2026-00489","2026/05/09 04:25:56","2026/05/09 09:10:56","Closed","Work Completed","CAT 3","The PARQ - East Wing","Main Lobby","Water & Plumbing","Domestic Water Booster Pump Trip","IOT Service Bot","No","Failed","Passed"
"TPQ-2026-00490","2026/07/28 07:37:53","","In progress","Technician Dispatched","CAT 3","The PARQ - West Wing","Fl 10 Tech Center","Fire Alarm System","Smoke Detector Activation - Optical","Senses Automation","No","","Passed"
"TPQ-2026-00491","2026/07/16 15:42:41","2026/07/16 22:42:41","Closed","Work Completed","CAT 3","Basement Parking","B1 Parking Bay 14","Security & Access","CCTV Virtual Line-crossing","IOT Service Bot","No","Failed","Passed"
"TPQ-2026-00492","2026/03/21 12:45:29","2026/03/21 18:26:29","Closed","Work Completed","CAT 3","The PARQ - East Wing","Fl 4 Office Hub","Electrical & Power","Power Quality Harmonic Warning","Veolia Water Mgmt","No","Failed","Passed"
"TPQ-2026-00493","2026/05/20 02:49:57","","Open","Pending Dispatch","CAT 3","The PARQ - East Wing","Fl 8 Restroom Zone","Fire Alarm System","FAS Device Disabled - Maintenance","Senses Automation","Yes","","Passed"
"TPQ-2026-00494","2026/06/20 13:38:22","2026/06/20 20:40:22","Closed","Work Completed","CAT 2","The PARQ - East Wing","Fl 10 Tech Center","Electrical & Power","Main Switchboard Voltage Fluctuation","ConnectX Integration","No","Failed","Passed"
"TPQ-2026-00495","2026/02/28 05:28:09","","Open","Pending Dispatch","CAT 2","Basement Parking","Main Lobby","Fire Alarm System","Smoke Detector Activation - Optical","Veolia Water Mgmt","No","","Passed"
"TPQ-2026-00496","2026/01/13 04:22:52","2026/01/13 06:03:52","Closed","Work Completed","CAT 2","The PARQ - East Wing","Main Lobby","Water & Plumbing","Domestic Water Booster Pump Trip","JLL Engineering","Yes","Passed","Passed"
"TPQ-2026-00497","2026/04/04 08:50:08","2026/04/04 14:18:08","Closed","Work Completed","CAT 3","Retail Podium","Fl 4 Office Hub","Security & Access","CCTV Virtual Line-crossing","IOT Service Bot","No","Failed","Passed"
"TPQ-2026-00498","2026/07/25 13:14:41","2026/07/25 17:56:41","Closed","Work Completed","CAT 2","Central Plant Room","Fl 8 Restroom Zone","BMS & HVAC","Exhaust Fan Variable Speed Drive Alarm","Forward Security","No","Failed","Passed"
"TPQ-2026-00499","2026/09/16 00:59:49","2026/09/16 03:03:49","Closed","Work Completed","CAT 1","The PARQ - West Wing","B1 Parking Bay 14","IoT Environmental","Server Room Humidity Anomaly","Veolia Water Mgmt","Yes","Passed","Passed"
"TPQ-2026-00500","2026/07/18 14:19:51","2026/07/18 16:24:51","Closed","Work Completed","CAT 1","The PARQ - East Wing","Fl 8 Restroom Zone","Fire Alarm System","Smoke Detector Activation - Optical","ConnectX Integration","No","Passed","Passed"
"TPQ-2026-00501","2026/03/17 23:07:30","2026/03/17 23:55:30","Closed","Work Completed","CAT 3","Retail Podium","Fl 2 Food Court","BMS & HVAC","Air Handling Unit (AHU) High Temp","IOT Service Bot","No","Passed","Passed"
"TPQ-2026-00502","2026/04/12 18:56:34","2026/04/13 02:28:34","Closed","Work Completed","CAT 2","The PARQ - West Wing","Fl 4 Office Hub","Security & Access","Door Forced Open Alarm","Forward Security","No","Failed","Failed"
"TPQ-2026-00503","2026/08/10 05:39:37","2026/08/10 11:28:37","Closed","Work Completed","CAT 1","The PARQ - West Wing","Fl 8 Restroom Zone","IoT Environmental","Server Room Humidity Anomaly","JLL Engineering","No","Failed","Failed"
"TPQ-2026-00504","2026/09/08 20:49:53","2026/09/09 03:46:53","Closed","Work Completed","CAT 1","Retail Podium","Fl 2 Food Court","Electrical & Power","Main Switchboard Voltage Fluctuation","ConnectX Integration","No","Failed","Passed"
"TPQ-2026-00505","2026/04/04 02:44:54","2026/04/04 08:36:54","Closed","Work Completed","CAT 2","The PARQ - East Wing","Fl 10 Tech Center","Electrical & Power","Main Switchboard Voltage Fluctuation","IOT Service Bot","No","Failed","Passed"
"TPQ-2026-00506","2026/01/03 09:40:29","2026/01/03 12:10:29","Closed","Work Completed","CAT 2","Central Plant Room","Loading Dock Zone B","Water & Plumbing","Grease Trap High Level Warning","Veolia Water Mgmt","No","Passed","Passed"
"TPQ-2026-00507","2026/04/06 03:35:22","2026/04/06 07:50:22","Closed","Work Completed","CAT 1","Central Plant Room","Loading Dock Zone B","IoT Environmental","Restroom Odor Level Exceeded","Veolia Water Mgmt","Yes","Failed","Passed"
"TPQ-2026-00508","2026/01/13 12:46:24","","In progress","Technician Dispatched","CAT 3","The PARQ - West Wing","B1 Parking Bay 14","Electrical & Power","Main Switchboard Voltage Fluctuation","Senses Automation","No","","Passed"
"TPQ-2026-00509","2026/07/26 16:09:32","2026/07/26 21:58:32","Closed","Work Completed","CAT 2","The PARQ - West Wing","Fl 10 Tech Center","Security & Access","CCTV Virtual Line-crossing","ConnectX Integration","Yes","Failed","Passed"
"TPQ-2026-00510","2026/02/02 08:55:51","2026/02/02 10:13:51","Closed","Work Completed","CAT 3","The PARQ - West Wing","Rooftop Chiller Plant","Fire Alarm System","Manual Call Point Triggered","Veolia Water Mgmt","No","Passed","Passed"
"TPQ-2026-00511","2026/06/28 08:35:49","2026/06/28 16:27:49","Closed","Work Completed","CAT 3","The PARQ - West Wing","Fl 4 Office Hub","Fire Alarm System","FAS Device Disabled - Maintenance","Senses Automation","Yes","Failed","Passed"
"TPQ-2026-00512","2026/09/25 14:03:04","2026/09/25 21:29:04","Closed","Work Completed","CAT 3","The PARQ - East Wing","Fl 2 Food Court","BMS & HVAC","VAV Box Temperature Deviation","IOT Service Bot","No","Failed","Passed"
"TPQ-2026-00513","2026/03/24 03:45:45","2026/03/24 10:56:45","Closed","Work Completed","CAT 3","Retail Podium","Loading Dock Zone B","Security & Access","Access Control Reader Tamper","Forward Security","Yes","Failed","Passed"
"TPQ-2026-00514","2026/01/22 10:16:49","2026/01/22 17:48:49","Closed","Work Completed","CAT 2","The PARQ - East Wing","Fl 4 Office Hub","IoT Environmental","Server Room Humidity Anomaly","Senses Automation","No","Failed","Passed"
"TPQ-2026-00515","2026/02/09 22:08:03","","In progress","Technician Dispatched","CAT 1","The PARQ - East Wing","B1 Parking Bay 14","Electrical & Power","Main Switchboard Voltage Fluctuation","JLL Engineering","No","","Passed"
"TPQ-2026-00516","2026/06/02 11:42:10","2026/06/02 15:57:10","Closed","Work Completed","CAT 1","Retail Podium","Loading Dock Zone B","IoT Environmental","Car Park Carbon Monoxide Spike","IOT Service Bot","No","Failed","Passed"
"TPQ-2026-00517","2026/05/15 13:30:34","2026/05/15 19:22:34","Closed","Work Completed","CAT 1","The PARQ - East Wing","Fl 2 Food Court","Fire Alarm System","FAS Device Disabled - Maintenance","IOT Service Bot","Yes","Failed","Passed"
"TPQ-2026-00518","2026/07/02 17:22:26","2026/07/02 17:47:26","Closed","Work Completed","CAT 1","The PARQ - East Wing","B1 Parking Bay 14","Security & Access","Door Forced Open Alarm","Veolia Water Mgmt","No","Passed","Passed"
"TPQ-2026-00519","2026/02/15 16:33:58","2026/02/16 00:18:58","Closed","Work Completed","CAT 2","The PARQ - East Wing","Fl 10 Tech Center","Security & Access","Access Control Reader Tamper","Senses Automation","No","Failed","Passed"
"TPQ-2026-00520","2026/09/12 23:28:39","2026/09/13 04:02:39","Closed","Work Completed","CAT 1","Central Plant Room","B1 Parking Bay 14","Security & Access","CCTV Virtual Line-crossing","IOT Service Bot","No","Failed","Passed"
"TPQ-2026-00521","2026/05/16 18:11:25","","Open","Pending Dispatch","CAT 2","Central Plant Room","Rooftop Chiller Plant","Electrical & Power","Lighting Automation Relay Trip","ConnectX Integration","Yes","","Passed"
"TPQ-2026-00522","2026/05/27 04:51:36","2026/05/27 08:53:36","Closed","Work Completed","CAT 3","The PARQ - East Wing","Rooftop Chiller Plant","IoT Environmental","Restroom Odor Level Exceeded","IOT Service Bot","Yes","Failed","Passed"
"TPQ-2026-00523","2026/05/06 15:14:25","","Open","Pending Dispatch","CAT 1","The PARQ - West Wing","Fl 4 Office Hub","Water & Plumbing","Domestic Water Booster Pump Trip","Veolia Water Mgmt","No","","Passed"
"TPQ-2026-00524","2026/07/22 09:39:50","2026/07/22 15:53:50","Closed","Work Completed","CAT 2","Retail Podium","Main Lobby","BMS & HVAC","Exhaust Fan Variable Speed Drive Alarm","Senses Automation","Yes","Failed","Passed"
"TPQ-2026-00525","2026/04/17 02:04:56","2026/04/17 08:27:56","Closed","Work Completed","CAT 3","Basement Parking","Rooftop Chiller Plant","BMS & HVAC","Air Handling Unit (AHU) High Temp","Senses Automation","Yes","Failed","Passed"
"TPQ-2026-00526","2026/03/12 04:31:06","","Acknowledged","Assigned to Ops","CAT 3","The PARQ - East Wing","Loading Dock Zone B","Electrical & Power","Power Quality Harmonic Warning","ConnectX Integration","No","","Passed"
"TPQ-2026-00527","2026/08/16 16:41:29","2026/08/16 20:54:29","Closed","Work Completed","CAT 3","The PARQ - East Wing","Fl 2 Food Court","Electrical & Power","UPS Battery Temperature Alert","ConnectX Integration","No","Failed","Passed"
"TPQ-2026-00528","2026/05/25 08:04:21","2026/05/25 10:26:21","Closed","Work Completed","CAT 3","The PARQ - East Wing","Rooftop Chiller Plant","BMS & HVAC","Air Handling Unit (AHU) High Temp","ConnectX Integration","No","Passed","Passed"
"TPQ-2026-00529","2026/07/14 23:12:07","","In progress","Technician Dispatched","CAT 1","The PARQ - West Wing","Fl 4 Office Hub","BMS & HVAC","VAV Box Temperature Deviation","IOT Service Bot","No","","Passed"
"TPQ-2026-00530","2026/06/03 21:23:11","2026/06/04 04:23:11","Closed","Work Completed","CAT 2","Retail Podium","Fl 8 Restroom Zone","Fire Alarm System","Manual Call Point Triggered","ConnectX Integration","No","Failed","Failed"
"TPQ-2026-00531","2026/06/10 23:27:01","2026/06/11 07:21:01","Closed","Work Completed","CAT 1","Basement Parking","Fl 4 Office Hub","Fire Alarm System","Manual Call Point Triggered","JLL Engineering","No","Failed","Passed"
"TPQ-2026-00532","2026/06/05 07:04:21","2026/06/05 10:47:21","Closed","Work Completed","CAT 2","The PARQ - East Wing","Fl 4 Office Hub","IoT Environmental","Car Park Carbon Monoxide Spike","Forward Security","No","Passed","Failed"
"TPQ-2026-00533","2026/02/17 09:39:26","","In progress","Technician Dispatched","CAT 2","The PARQ - East Wing","Fl 8 Restroom Zone","IoT Environmental","Restroom Odor Level Exceeded","Senses Automation","Yes","","Passed"
"TPQ-2026-00534","2026/02/15 01:42:43","2026/02/15 02:14:43","Closed","Work Completed","CAT 3","Retail Podium","Rooftop Chiller Plant","Fire Alarm System","FAS Loop Supervisory Fault","IOT Service Bot","No","Passed","Passed"
"TPQ-2026-00535","2026/08/04 21:48:24","2026/08/04 22:34:24","Closed","Work Completed","CAT 1","The PARQ - East Wing","B1 Parking Bay 14","Electrical & Power","Main Switchboard Voltage Fluctuation","Veolia Water Mgmt","No","Passed","Passed"
"TPQ-2026-00536","2026/04/14 07:10:22","2026/04/14 11:36:22","Closed","Work Completed","CAT 3","Basement Parking","B1 Parking Bay 14","BMS & HVAC","Air Handling Unit (AHU) High Temp","Senses Automation","Yes","Failed","Passed"
"TPQ-2026-00537","2026/06/04 12:59:34","2026/06/04 16:28:34","Closed","Work Completed","CAT 2","The PARQ - West Wing","Fl 2 Food Court","Electrical & Power","UPS Battery Temperature Alert","Forward Security","No","Passed","Passed"
"TPQ-2026-00538","2026/05/08 22:33:45","2026/05/09 06:32:45","Closed","Work Completed","CAT 2","The PARQ - West Wing","Loading Dock Zone B","Security & Access","Unauthorized Perimeter Loitering","Senses Automation","No","Failed","Passed"
"TPQ-2026-00539","2026/04/05 21:57:18","2026/04/05 22:42:18","Closed","Work Completed","CAT 1","Retail Podium","Rooftop Chiller Plant","Electrical & Power","UPS Battery Temperature Alert","JLL Engineering","No","Passed","Passed"
"TPQ-2026-00540","2026/08/09 19:16:59","2026/08/09 22:09:59","Closed","Work Completed","CAT 1","Central Plant Room","B1 Parking Bay 14","Security & Access","Door Forced Open Alarm","JLL Engineering","Yes","Passed","Passed"
"TPQ-2026-00541","2026/03/02 15:15:25","2026/03/02 20:35:25","Closed","Work Completed","CAT 1","Basement Parking","Fl 2 Food Court","BMS & HVAC","Chilled Water Differential Pressure Alert","IOT Service Bot","No","Failed","Passed"
"TPQ-2026-00542","2026/01/16 09:41:16","2026/01/16 16:07:16","Closed","Work Completed","CAT 2","Retail Podium","Loading Dock Zone B","IoT Environmental","Restroom Odor Level Exceeded","Forward Security","Yes","Failed","Passed"
"TPQ-2026-00543","2026/08/28 03:00:33","2026/08/28 08:10:33","Closed","Work Completed","CAT 1","Retail Podium","Loading Dock Zone B","Electrical & Power","Lighting Automation Relay Trip","Senses Automation","No","Failed","Passed"
"TPQ-2026-00544","2026/08/11 07:47:26","2026/08/11 13:55:26","Closed","Work Completed","CAT 2","Central Plant Room","Main Lobby","Fire Alarm System","FAS Loop Supervisory Fault","JLL Engineering","No","Failed","Passed"
"TPQ-2026-00545","2026/02/19 20:40:11","","Open","Pending Dispatch","CAT 3","The PARQ - East Wing","Fl 4 Office Hub","IoT Environmental","Indoor Air Quality CO2 Surge","Forward Security","No","","Passed"
"TPQ-2026-00546","2026/03/20 15:19:25","2026/03/20 18:40:25","Closed","Work Completed","CAT 1","The PARQ - East Wing","B1 Parking Bay 14","BMS & HVAC","Chilled Water Differential Pressure Alert","Senses Automation","No","Passed","Passed"
"TPQ-2026-00547","2026/08/11 13:22:58","2026/08/11 17:15:58","Closed","Work Completed","CAT 1","Central Plant Room","Fl 8 Restroom Zone","Security & Access","Access Control Reader Tamper","Senses Automation","No","Passed","Passed"
"TPQ-2026-00548","2026/09/08 02:46:07","2026/09/09 15:51:07","Closed","Work Completed","CAT 2","The PARQ - East Wing","Fl 10 Tech Center","Electrical & Power","Main Switchboard Voltage Fluctuation","ConnectX Integration","No","Failed","Passed"
"TPQ-2026-00549","2026/03/25 16:41:23","","In progress","Technician Dispatched","CAT 1","The PARQ - East Wing","Fl 10 Tech Center","Electrical & Power","Lighting Automation Relay Trip","Veolia Water Mgmt","No","","Passed"
"TPQ-2026-00550","2026/05/13 07:07:28","2026/05/13 08:22:28","Closed","Work Completed","CAT 2","The PARQ - East Wing","Loading Dock Zone B","IoT Environmental","Server Room Humidity Anomaly","IOT Service Bot","No","Passed","Passed"
"TPQ-2026-00551","2026/05/22 20:10:59","2026/05/22 20:56:59","Closed","Work Completed","CAT 3","Retail Podium","B1 Parking Bay 14","Water & Plumbing","Water Leakage Sensor Triggered","ConnectX Integration","No","Passed","Failed"
"TPQ-2026-00552","2026/01/06 01:34:41","2026/01/06 08:13:41","Closed","Work Completed","CAT 3","Basement Parking","Fl 10 Tech Center","Fire Alarm System","FAS Device Disabled - Maintenance","Forward Security","No","Failed","Passed"
"TPQ-2026-00553","2026/01/07 16:20:46","2026/01/07 21:20:46","Closed","Work Completed","CAT 3","Retail Podium","Rooftop Chiller Plant","BMS & HVAC","Chilled Water Differential Pressure Alert","Veolia Water Mgmt","No","Failed","Failed"
"TPQ-2026-00554","2026/05/12 08:56:02","","Open","Pending Dispatch","CAT 2","Central Plant Room","Fl 10 Tech Center","IoT Environmental","Car Park Carbon Monoxide Spike","Senses Automation","No","","Passed"
"TPQ-2026-00555","2026/08/05 16:15:51","2026/08/05 23:43:51","Closed","Work Completed","CAT 2","The PARQ - West Wing","Fl 8 Restroom Zone","Fire Alarm System","Manual Call Point Triggered","Veolia Water Mgmt","No","Failed","Passed"
"TPQ-2026-00556","2026/05/26 22:46:25","2026/05/27 19:02:25","Closed","Work Completed","CAT 3","Central Plant Room","Fl 10 Tech Center","IoT Environmental","Restroom Odor Level Exceeded","IOT Service Bot","Yes","Failed","Passed"
"TPQ-2026-00557","2026/01/27 17:54:59","2026/01/27 18:31:59","Closed","Work Completed","CAT 1","Central Plant Room","Fl 4 Office Hub","Water & Plumbing","Water Leakage Sensor Triggered","Veolia Water Mgmt","No","Passed","Passed"
"TPQ-2026-00558","2026/03/26 05:21:00","2026/03/26 06:06:00","Closed","Work Completed","CAT 2","Basement Parking","Fl 10 Tech Center","IoT Environmental","Server Room Humidity Anomaly","IOT Service Bot","No","Passed","Passed"
"TPQ-2026-00559","2026/05/15 21:52:21","2026/05/16 00:14:21","Closed","Work Completed","CAT 2","Central Plant Room","Main Lobby","Water & Plumbing","Domestic Water Booster Pump Trip","Forward Security","No","Passed","Passed"
"TPQ-2026-00560","2026/07/25 07:05:04","2026/07/25 11:45:04","Closed","Work Completed","CAT 1","Basement Parking","B1 Parking Bay 14","Security & Access","Access Control Reader Tamper","JLL Engineering","Yes","Failed","Passed"
"TPQ-2026-00561","2026/02/20 23:32:00","","Acknowledged","Assigned to Ops","CAT 2","The PARQ - East Wing","Rooftop Chiller Plant","IoT Environmental","Restroom Odor Level Exceeded","IOT Service Bot","Yes","","Passed"
"TPQ-2026-00562","2026/03/18 01:00:11","2026/03/18 03:43:11","Closed","Work Completed","CAT 1","Retail Podium","Main Lobby","Fire Alarm System","Smoke Detector Activation - Optical","Forward Security","No","Passed","Failed"
"TPQ-2026-00563","2026/02/05 05:14:35","2026/02/05 11:01:35","Closed","Work Completed","CAT 1","Retail Podium","Fl 8 Restroom Zone","Fire Alarm System","FAS Device Disabled - Maintenance","ConnectX Integration","No","Failed","Passed"
"TPQ-2026-00564","2026/02/17 20:56:30","2026/02/18 03:27:30","Closed","Work Completed","CAT 1","Basement Parking","Main Lobby","BMS & HVAC","Exhaust Fan Variable Speed Drive Alarm","Senses Automation","No","Failed","Passed"
"TPQ-2026-00565","2026/05/03 10:53:38","2026/05/03 13:56:38","Closed","Work Completed","CAT 2","Basement Parking","Rooftop Chiller Plant","Electrical & Power","Power Quality Harmonic Warning","ConnectX Integration","No","Passed","Passed"
"TPQ-2026-00566","2026/04/11 09:43:05","2026/04/11 11:52:05","Closed","Work Completed","CAT 2","Basement Parking","Fl 8 Restroom Zone","Electrical & Power","Power Quality Harmonic Warning","ConnectX Integration","No","Passed","Passed"
"TPQ-2026-00567","2026/06/28 05:38:39","2026/06/28 06:14:39","Closed","Work Completed","CAT 2","The PARQ - West Wing","Fl 10 Tech Center","Fire Alarm System","FAS Device Disabled - Maintenance","JLL Engineering","No","Passed","Passed"
"TPQ-2026-00568","2026/06/20 07:26:13","","In progress","Technician Dispatched","CAT 1","Retail Podium","B1 Parking Bay 14","IoT Environmental","Indoor Air Quality CO2 Surge","Veolia Water Mgmt","No","","Passed"
"TPQ-2026-00569","2026/08/01 11:03:23","2026/08/01 18:56:23","Closed","Work Completed","CAT 1","Central Plant Room","Main Lobby","Fire Alarm System","FAS Device Disabled - Maintenance","Senses Automation","No","Failed","Passed"
"TPQ-2026-00570","2026/06/10 16:45:34","2026/06/11 00:00:34","Closed","Work Completed","CAT 3","Basement Parking","B1 Parking Bay 14","IoT Environmental","Indoor Air Quality CO2 Surge","Forward Security","No","Failed","Passed"
"TPQ-2026-00571","2026/03/17 18:52:33","2026/03/17 19:11:33","Closed","Work Completed","CAT 2","The PARQ - West Wing","Fl 8 Restroom Zone","Electrical & Power","Power Quality Harmonic Warning","Veolia Water Mgmt","Yes","Passed","Passed"
"TPQ-2026-00572","2026/04/03 15:41:42","2026/04/03 22:30:42","Closed","Work Completed","CAT 3","Retail Podium","Fl 10 Tech Center","Security & Access","Unauthorized Perimeter Loitering","Veolia Water Mgmt","No","Failed","Passed"
"TPQ-2026-00573","2026/01/11 17:22:37","2026/01/11 22:52:37","Closed","Work Completed","CAT 1","Basement Parking","Rooftop Chiller Plant","Water & Plumbing","Water Leakage Sensor Triggered","IOT Service Bot","No","Failed","Passed"
"TPQ-2026-00574","2026/07/19 21:48:42","2026/07/19 23:01:42","Closed","Work Completed","CAT 1","Retail Podium","Main Lobby","BMS & HVAC","Air Handling Unit (AHU) High Temp","Senses Automation","No","Passed","Passed"
"TPQ-2026-00575","2026/07/09 05:37:36","2026/07/09 09:41:36","Closed","Work Completed","CAT 1","Retail Podium","Loading Dock Zone B","Security & Access","Door Forced Open Alarm","Forward Security","No","Failed","Passed"
"TPQ-2026-00576","2026/01/23 18:11:48","2026/01/24 01:48:48","Closed","Work Completed","CAT 3","Retail Podium","B1 Parking Bay 14","IoT Environmental","Server Room Humidity Anomaly","Senses Automation","Yes","Failed","Passed"
"TPQ-2026-00577","2026/09/14 02:22:42","2026/09/14 04:23:42","Closed","Work Completed","CAT 3","The PARQ - East Wing","Fl 2 Food Court","Water & Plumbing","Sump Pump High Water Level","IOT Service Bot","No","Passed","Failed"
"TPQ-2026-00578","2026/05/05 16:19:34","2026/05/05 16:40:34","Closed","Work Completed","CAT 2","Retail Podium","Main Lobby","IoT Environmental","Car Park Carbon Monoxide Spike","ConnectX Integration","No","Passed","Passed"
"TPQ-2026-00579","2026/03/04 10:01:58","2026/03/04 13:14:58","Closed","Work Completed","CAT 3","Central Plant Room","Rooftop Chiller Plant","BMS & HVAC","Air Handling Unit (AHU) High Temp","Veolia Water Mgmt","No","Passed","Passed"
"TPQ-2026-00580","2026/02/04 19:47:37","","Acknowledged","Assigned to Ops","CAT 3","Basement Parking","Rooftop Chiller Plant","IoT Environmental","Server Room Humidity Anomaly","ConnectX Integration","No","","Failed"
"TPQ-2026-00581","2026/01/01 04:29:06","2026/01/01 11:06:06","Closed","Work Completed","CAT 3","Retail Podium","Fl 4 Office Hub","IoT Environmental","Car Park Carbon Monoxide Spike","Forward Security","Yes","Failed","Passed"
"TPQ-2026-00582","2026/09/09 19:10:52","2026/09/09 22:07:52","Closed","Work Completed","CAT 3","The PARQ - East Wing","Fl 4 Office Hub","IoT Environmental","Server Room Humidity Anomaly","ConnectX Integration","No","Passed","Passed"
"TPQ-2026-00583","2026/05/22 20:18:13","2026/05/23 03:36:13","Closed","Work Completed","CAT 3","The PARQ - West Wing","Fl 2 Food Court","IoT Environmental","Indoor Air Quality CO2 Surge","ConnectX Integration","No","Failed","Passed"
"TPQ-2026-00584","2026/08/15 18:44:54","2026/08/15 22:46:54","Closed","Work Completed","CAT 2","Central Plant Room","B1 Parking Bay 14","Security & Access","CCTV Virtual Line-crossing","JLL Engineering","Yes","Failed","Passed"
"TPQ-2026-00585","2026/08/13 08:04:25","2026/08/13 12:44:25","Closed","Work Completed","CAT 3","Retail Podium","Fl 4 Office Hub","BMS & HVAC","VAV Box Temperature Deviation","ConnectX Integration","No","Failed","Passed"
"TPQ-2026-00586","2026/08/14 16:49:57","","Acknowledged","Assigned to Ops","CAT 3","Basement Parking","Main Lobby","BMS & HVAC","Chilled Water Differential Pressure Alert","JLL Engineering","No","","Passed"
"TPQ-2026-00587","2026/08/09 09:59:27","2026/08/09 12:47:27","Closed","Work Completed","CAT 1","Central Plant Room","Rooftop Chiller Plant","Water & Plumbing","Domestic Water Booster Pump Trip","ConnectX Integration","No","Passed","Passed"
"TPQ-2026-00588","2026/05/01 21:39:01","2026/05/02 00:36:01","Closed","Work Completed","CAT 2","The PARQ - West Wing","Rooftop Chiller Plant","Security & Access","Door Forced Open Alarm","JLL Engineering","No","Passed","Passed"
"TPQ-2026-00589","2026/04/24 03:00:11","2026/04/24 09:13:11","Closed","Work Completed","CAT 1","Retail Podium","Fl 2 Food Court","Electrical & Power","Lighting Automation Relay Trip","ConnectX Integration","No","Failed","Passed"
"TPQ-2026-00590","2026/08/24 10:04:56","2026/08/24 13:45:56","Closed","Work Completed","CAT 2","The PARQ - East Wing","Loading Dock Zone B","Water & Plumbing","Domestic Water Booster Pump Trip","Forward Security","Yes","Passed","Passed"
"TPQ-2026-00591","2026/08/12 05:29:41","2026/08/12 09:49:41","Closed","Work Completed","CAT 2","Basement Parking","B1 Parking Bay 14","Security & Access","CCTV Virtual Line-crossing","IOT Service Bot","No","Failed","Passed"
"TPQ-2026-00592","2026/01/21 14:30:56","2026/01/21 17:16:56","Closed","Work Completed","CAT 1","The PARQ - West Wing","Fl 2 Food Court","Security & Access","Unauthorized Perimeter Loitering","JLL Engineering","Yes","Passed","Passed"
"TPQ-2026-00593","2026/09/05 08:21:30","2026/09/05 13:17:30","Closed","Work Completed","CAT 3","The PARQ - East Wing","Fl 10 Tech Center","Fire Alarm System","FAS Device Disabled - Maintenance","Veolia Water Mgmt","No","Failed","Passed"
"TPQ-2026-00594","2026/04/23 06:43:36","2026/04/23 12:21:36","Closed","Work Completed","CAT 2","The PARQ - East Wing","Fl 8 Restroom Zone","Water & Plumbing","Water Leakage Sensor Triggered","Forward Security","Yes","Failed","Passed"
"TPQ-2026-00595","2026/03/12 12:23:50","","Acknowledged","Assigned to Ops","CAT 3","Retail Podium","Fl 8 Restroom Zone","IoT Environmental","Indoor Air Quality CO2 Surge","ConnectX Integration","No","","Passed"
"TPQ-2026-00596","2026/09/16 09:50:31","2026/09/16 15:15:31","Closed","Work Completed","CAT 1","Retail Podium","Loading Dock Zone B","Water & Plumbing","Sump Pump High Water Level","JLL Engineering","No","Failed","Passed"
"TPQ-2026-00597","2026/09/14 16:18:12","2026/09/14 17:02:12","Closed","Work Completed","CAT 3","Central Plant Room","Fl 4 Office Hub","Security & Access","CCTV Virtual Line-crossing","ConnectX Integration","Yes","Passed","Failed"
"TPQ-2026-00598","2026/03/03 10:02:19","2026/03/03 14:47:19","Closed","Work Completed","CAT 2","The PARQ - East Wing","Loading Dock Zone B","Electrical & Power","Power Quality Harmonic Warning","Forward Security","No","Failed","Passed"
"TPQ-2026-00599","2026/09/06 17:38:19","2026/09/06 20:08:19","Closed","Work Completed","CAT 3","The PARQ - East Wing","Rooftop Chiller Plant","Electrical & Power","Lighting Automation Relay Trip","ConnectX Integration","No","Passed","Passed"
"TPQ-2026-00600","2026/01/04 10:35:42","2026/01/04 11:35:42","Closed","Work Completed","CAT 2","Central Plant Room","Main Lobby","Fire Alarm System","FAS Device Disabled - Maintenance","ConnectX Integration","Yes","Passed","Passed"
"TPQ-2026-00601","2026/01/09 07:52:38","2026/01/09 10:11:38","Closed","Work Completed","CAT 2","The PARQ - West Wing","Fl 8 Restroom Zone","BMS & HVAC","VAV Box Temperature Deviation","Senses Automation","No","Passed","Passed"
"TPQ-2026-00602","2026/06/02 08:26:02","2026/06/02 12:57:02","Closed","Work Completed","CAT 3","The PARQ - West Wing","Fl 2 Food Court","Electrical & Power","Lighting Automation Relay Trip","Veolia Water Mgmt","No","Failed","Passed"
"TPQ-2026-00603","2026/02/03 20:58:47","2026/02/04 04:43:47","Closed","Work Completed","CAT 1","Basement Parking","B1 Parking Bay 14","BMS & HVAC","VAV Box Temperature Deviation","JLL Engineering","No","Failed","Passed"
"TPQ-2026-00604","2026/09/17 13:03:25","2026/09/17 16:17:25","Closed","Work Completed","CAT 3","The PARQ - East Wing","Main Lobby","Electrical & Power","Lighting Automation Relay Trip","Forward Security","No","Passed","Passed"
"TPQ-2026-00605","2026/02/26 14:11:02","2026/02/26 21:01:02","Closed","Work Completed","CAT 1","The PARQ - East Wing","Fl 2 Food Court","Security & Access","CCTV Virtual Line-crossing","ConnectX Integration","No","Failed","Passed"
"TPQ-2026-00606","2026/09/04 18:58:45","2026/09/05 00:55:45","Closed","Work Completed","CAT 2","The PARQ - West Wing","Rooftop Chiller Plant","Water & Plumbing","Sump Pump High Water Level","Veolia Water Mgmt","No","Failed","Passed"
"TPQ-2026-00607","2026/02/26 06:02:38","2026/02/26 12:01:38","Closed","Work Completed","CAT 3","The PARQ - East Wing","Fl 8 Restroom Zone","Fire Alarm System","FAS Loop Supervisory Fault","IOT Service Bot","No","Failed","Passed"
"TPQ-2026-00608","2026/06/23 22:15:20","2026/06/24 01:42:20","Closed","Work Completed","CAT 3","The PARQ - East Wing","Main Lobby","Electrical & Power","Main Switchboard Voltage Fluctuation","Senses Automation","No","Passed","Passed"
"TPQ-2026-00609","2026/04/25 18:56:58","2026/04/25 20:10:58","Closed","Work Completed","CAT 2","Retail Podium","B1 Parking Bay 14","IoT Environmental","Restroom Odor Level Exceeded","ConnectX Integration","No","Passed","Passed"
"TPQ-2026-00610","2026/04/28 04:56:02","2026/04/28 11:30:02","Closed","Work Completed","CAT 2","The PARQ - West Wing","Rooftop Chiller Plant","Water & Plumbing","Grease Trap High Level Warning","JLL Engineering","No","Failed","Passed"
"TPQ-2026-00611","2026/09/21 10:52:50","2026/09/21 14:48:50","Closed","Work Completed","CAT 3","The PARQ - West Wing","Fl 8 Restroom Zone","BMS & HVAC","Chilled Water Differential Pressure Alert","IOT Service Bot","No","Passed","Failed"
"TPQ-2026-00612","2026/06/24 22:27:00","2026/06/25 05:57:00","Closed","Work Completed","CAT 2","The PARQ - West Wing","Loading Dock Zone B","Fire Alarm System","FAS Device Disabled - Maintenance","IOT Service Bot","No","Failed","Passed"
"TPQ-2026-00613","2026/09/01 09:23:03","2026/09/01 10:43:03","Closed","Work Completed","CAT 2","The PARQ - East Wing","Fl 8 Restroom Zone","Security & Access","CCTV Virtual Line-crossing","Forward Security","Yes","Passed","Passed"
"TPQ-2026-00614","2026/02/06 20:58:28","2026/02/07 04:14:28","Closed","Work Completed","CAT 3","Retail Podium","Fl 8 Restroom Zone","IoT Environmental","Restroom Odor Level Exceeded","JLL Engineering","No","Failed","Passed"
"TPQ-2026-00615","2026/08/27 18:28:39","2026/08/27 19:20:39","Closed","Work Completed","CAT 3","Central Plant Room","Fl 10 Tech Center","Fire Alarm System","FAS Device Disabled - Maintenance","Forward Security","No","Passed","Passed"
"TPQ-2026-00616","2026/06/01 16:44:59","2026/06/01 23:55:59","Closed","Work Completed","CAT 3","Basement Parking","Main Lobby","Security & Access","Door Forced Open Alarm","Forward Security","No","Failed","Passed"
"TPQ-2026-00617","2026/05/22 17:11:22","2026/05/22 20:22:22","Closed","Work Completed","CAT 1","Retail Podium","Fl 4 Office Hub","BMS & HVAC","VAV Box Temperature Deviation","JLL Engineering","Yes","Passed","Passed"
"TPQ-2026-00618","2026/09/02 20:54:52","2026/09/03 03:35:52","Closed","Work Completed","CAT 3","The PARQ - East Wing","Fl 8 Restroom Zone","Fire Alarm System","Manual Call Point Triggered","JLL Engineering","No","Failed","Passed"
"TPQ-2026-00619","2026/07/25 15:19:49","2026/07/25 19:33:49","Closed","Work Completed","CAT 2","The PARQ - East Wing","Fl 2 Food Court","Electrical & Power","Main Switchboard Voltage Fluctuation","JLL Engineering","No","Failed","Passed"
"TPQ-2026-00620","2026/06/20 23:51:46","2026/06/22 11:54:46","Closed","Work Completed","CAT 3","Central Plant Room","Fl 4 Office Hub","IoT Environmental","Indoor Air Quality CO2 Surge","ConnectX Integration","Yes","Failed","Passed"
"TPQ-2026-00621","2026/09/24 11:34:02","2026/09/24 17:22:02","Closed","Work Completed","CAT 3","Basement Parking","Main Lobby","IoT Environmental","Car Park Carbon Monoxide Spike","Veolia Water Mgmt","No","Failed","Passed"
"TPQ-2026-00622","2026/04/05 02:10:03","2026/04/05 03:56:03","Closed","Work Completed","CAT 1","Basement Parking","Fl 10 Tech Center","BMS & HVAC","Exhaust Fan Variable Speed Drive Alarm","Senses Automation","No","Passed","Passed"
"TPQ-2026-00623","2026/07/23 13:02:46","2026/07/23 16:17:46","Closed","Work Completed","CAT 1","Retail Podium","Fl 4 Office Hub","Security & Access","Access Control Reader Tamper","Senses Automation","No","Passed","Passed"
"TPQ-2026-00624","2026/01/11 03:52:35","2026/01/11 11:38:35","Closed","Work Completed","CAT 3","Retail Podium","B1 Parking Bay 14","Security & Access","CCTV Virtual Line-crossing","Veolia Water Mgmt","Yes","Failed","Passed"
"TPQ-2026-00625","2026/05/09 05:55:05","2026/05/09 08:47:05","Closed","Work Completed","CAT 1","Retail Podium","Main Lobby","Fire Alarm System","FAS Device Disabled - Maintenance","ConnectX Integration","No","Passed","Passed"
"TPQ-2026-00626","2026/08/10 05:49:29","","Open","Pending Dispatch","CAT 3","The PARQ - East Wing","Main Lobby","IoT Environmental","Car Park Carbon Monoxide Spike","JLL Engineering","No","","Passed"
"TPQ-2026-00627","2026/03/24 00:03:05","2026/03/24 07:33:05","Closed","Work Completed","CAT 2","Central Plant Room","Rooftop Chiller Plant","Fire Alarm System","Smoke Detector Activation - Optical","Senses Automation","No","Failed","Passed"
"TPQ-2026-00628","2026/04/11 22:57:37","2026/04/11 23:30:37","Closed","Work Completed","CAT 1","Retail Podium","Fl 2 Food Court","BMS & HVAC","Exhaust Fan Variable Speed Drive Alarm","IOT Service Bot","No","Passed","Passed"
"TPQ-2026-00629","2026/09/05 20:57:19","2026/09/06 04:34:19","Closed","Work Completed","CAT 3","The PARQ - West Wing","Rooftop Chiller Plant","Electrical & Power","Main Switchboard Voltage Fluctuation","ConnectX Integration","No","Failed","Passed"
"TPQ-2026-00630","2026/04/24 06:39:06","2026/04/24 10:13:06","Closed","Work Completed","CAT 3","Central Plant Room","B1 Parking Bay 14","Security & Access","Unauthorized Perimeter Loitering","IOT Service Bot","No","Passed","Passed"
"TPQ-2026-00631","2026/02/27 06:47:41","","Acknowledged","Assigned to Ops","CAT 2","Retail Podium","Fl 4 Office Hub","IoT Environmental","Car Park Carbon Monoxide Spike","Veolia Water Mgmt","No","","Passed"
"TPQ-2026-00632","2026/02/15 18:46:11","2026/02/17 03:37:11","Closed","Work Completed","CAT 1","Retail Podium","Fl 2 Food Court","Fire Alarm System","Smoke Detector Activation - Optical","Senses Automation","No","Failed","Passed"
"TPQ-2026-00633","2026/07/05 08:59:48","2026/07/05 10:40:48","Closed","Work Completed","CAT 2","The PARQ - East Wing","Loading Dock Zone B","Water & Plumbing","Grease Trap High Level Warning","Veolia Water Mgmt","No","Passed","Passed"
"TPQ-2026-00634","2026/08/21 02:39:27","2026/08/21 07:55:27","Closed","Work Completed","CAT 2","Basement Parking","Rooftop Chiller Plant","Fire Alarm System","FAS Loop Supervisory Fault","JLL Engineering","No","Failed","Passed"
"TPQ-2026-00635","2026/08/12 09:32:38","2026/08/12 20:00:38","Closed","Work Completed","CAT 1","Retail Podium","Fl 4 Office Hub","Fire Alarm System","Smoke Detector Activation - Optical","Veolia Water Mgmt","No","Failed","Passed"
"TPQ-2026-00636","2026/04/03 06:30:08","2026/04/03 07:18:08","Closed","Work Completed","CAT 3","The PARQ - West Wing","Fl 8 Restroom Zone","Security & Access","CCTV Virtual Line-crossing","ConnectX Integration","Yes","Passed","Passed"
"TPQ-2026-00637","2026/01/16 18:21:34","2026/01/16 19:34:34","Closed","Work Completed","CAT 3","Retail Podium","Main Lobby","Fire Alarm System","FAS Device Disabled - Maintenance","ConnectX Integration","Yes","Passed","Passed"
"TPQ-2026-00638","2026/09/22 05:52:15","","In progress","Technician Dispatched","CAT 1","Basement Parking","B1 Parking Bay 14","Electrical & Power","Lighting Automation Relay Trip","IOT Service Bot","No","","Passed"
"TPQ-2026-00639","2026/03/05 14:43:30","2026/03/05 18:44:30","Closed","Work Completed","CAT 3","The PARQ - West Wing","Fl 10 Tech Center","IoT Environmental","Indoor Air Quality CO2 Surge","Forward Security","Yes","Failed","Passed"
"TPQ-2026-00640","2026/06/02 16:38:18","","Open","Pending Dispatch","CAT 1","Central Plant Room","Fl 2 Food Court","IoT Environmental","Indoor Air Quality CO2 Surge","Veolia Water Mgmt","Yes","","Passed"
"TPQ-2026-00641","2026/08/26 16:33:15","2026/08/27 00:15:15","Closed","Work Completed","CAT 2","Central Plant Room","Fl 10 Tech Center","Fire Alarm System","FAS Device Disabled - Maintenance","Veolia Water Mgmt","Yes","Failed","Passed"
"TPQ-2026-00642","2026/08/16 06:27:05","2026/08/16 12:13:05","Closed","Work Completed","CAT 2","Basement Parking","Fl 4 Office Hub","Electrical & Power","UPS Battery Temperature Alert","JLL Engineering","Yes","Failed","Passed"
"TPQ-2026-00643","2026/03/25 00:52:47","2026/03/25 07:42:47","Closed","Work Completed","CAT 3","Retail Podium","Rooftop Chiller Plant","BMS & HVAC","Chilled Water Differential Pressure Alert","JLL Engineering","No","Failed","Passed"
"TPQ-2026-00644","2026/09/15 06:30:58","2026/09/15 13:23:58","Closed","Work Completed","CAT 2","Central Plant Room","Fl 10 Tech Center","Water & Plumbing","Grease Trap High Level Warning","JLL Engineering","No","Failed","Passed"
"TPQ-2026-00645","2026/07/11 05:04:23","2026/07/11 05:53:23","Closed","Work Completed","CAT 1","Retail Podium","Fl 4 Office Hub","IoT Environmental","Restroom Odor Level Exceeded","Veolia Water Mgmt","Yes","Passed","Passed"
"TPQ-2026-00646","2026/08/04 14:10:54","2026/08/04 20:50:54","Closed","Work Completed","CAT 1","The PARQ - East Wing","Loading Dock Zone B","Fire Alarm System","FAS Device Disabled - Maintenance","JLL Engineering","No","Failed","Passed"
"TPQ-2026-00647","2026/08/05 02:28:30","2026/08/05 02:52:30","Closed","Work Completed","CAT 2","Basement Parking","Fl 4 Office Hub","Water & Plumbing","Water Leakage Sensor Triggered","Veolia Water Mgmt","No","Passed","Passed"
"TPQ-2026-00648","2026/03/07 10:44:01","2026/03/07 12:25:01","Closed","Work Completed","CAT 1","The PARQ - East Wing","B1 Parking Bay 14","Water & Plumbing","Grease Trap High Level Warning","JLL Engineering","No","Passed","Passed"
"TPQ-2026-00649","2026/01/09 01:54:13","","Open","Pending Dispatch","CAT 1","Basement Parking","Loading Dock Zone B","IoT Environmental","Car Park Carbon Monoxide Spike","Forward Security","Yes","","Passed"
"TPQ-2026-00650","2026/09/09 15:25:35","2026/09/09 18:48:35","Closed","Work Completed","CAT 3","Basement Parking","Fl 10 Tech Center","Security & Access","Unauthorized Perimeter Loitering","IOT Service Bot","No","Passed","Passed"
